Project ID,Scene ID,Scene Type,Time (Start-End),Target Duration,Subtitle,Voice Text,Visual Cue,Subtitle Style,Advanced Effect,Transition Out
"VID_20260603_180225","scene_001","hook","0s - 14s","3.5s","BÍ QUYẾT LÀM SẠCH GIÀY ĐẾN 99%","Giày đi lâu ngày bị bẩn cứng đầu? Đừng lo, đây là cách xử lý siêu nhanh.","Người thực hiện đang dùng bàn chải đánh răng chà xát mạnh mẽ lên phần viền đế giày có màu sắc sặc sỡ để tạo bọt làm sạch ban đầu.","hook_bold (top)","Fast Motion (push_in)","wipe_left (0.4s)"
"VID_20260603_180225","scene_002","body","14s - 29s","5s","LAU SẠCH BỌT BẨN BAN ĐẦU","Dùng miếng xốp lau nhẹ là đi ngay lớp bụi bẩn bám trên bề mặt rồi.","Sử dụng một miếng mút xốp trắng để lau đi lượng bọt bẩn vừa chà ra trên bề mặt đế giày, để lộ phần cao su đang dần sạch hơn.","framed_card (top)","Satisfying Timewarp (static)","wipe_right (0.4s)"
"VID_20260603_180225","scene_003","body","29s - 44s","6s","SỬ DỤNG DUNG DỊCH CHUYÊN DỤNG","Bây giờ kết hợp thêm dung dịch làm sạch chuyên sâu này nhé.","Lắp vòi xịt vào chai dung dịch tẩy rửa chuyên dụng màu đen và chuẩn bị phun trực tiếp lên các vết ố vàng còn lại.","framed_card (top)","Cinematic Zoom (push_in)","fade (0.3s)"
"VID_20260603_180225","scene_004","body","44s - 101s","6.5s","CHÀ SẠCH CÁC KẼ NHỎ","Chà kỹ vào phần đế, những vết ố vàng cứng đầu nhất cũng phải đầu hàng.","Dùng mút xốp thấm dung dịch chà xát liên tục vào các góc cạnh, kẽ hở nhỏ sát mép vải của đôi giày.","framed_card (top)","Jump Cuts (pulse)","slide_up (0.4s)"
"VID_20260603_180225","scene_005","body","101s - 115s","5s","TĂNG CƯỜNG LÀM SẠCH ĐẾ","Thêm một chút dung dịch nữa để đánh bay hoàn toàn các vết bám lâu năm.","Đổ thêm một ít dung dịch tẩy rửa trực tiếp lên miếng mút xốp rồi tiếp tục chà mạnh tay lên toàn bộ phần đế viền xung quanh.","framed_card (top)","Speed Up (static)","circle_open (0.5s)"
"VID_20260603_180225","scene_006","conclusion","115s - 129s","6s","ĐẾ GIÀY TRẮNG SÁNG NHƯ MỚI","Nhìn xem, phần đế giày đã trắng sáng tinh tươm trở lại rồi. Thử ngay công thức này nhé!","Người thực hiện đặt đôi giày xuống bàn, phần đế cao su trắng sáng rõ rệt, sạch sẽ hoàn toàn so với lúc đầu.","cta_red (top)","Epic Reveal (push_out)","fade (0.3s)"
"VID_20260603_180225","scene_001","hook","0s - 14s","3.5s","BÍ QUYẾT LÀM SẠCH GIÀY ĐẾN 99%","Giày đi lâu ngày bị bẩn cứng đầu? Đừng lo, đây là cách xử lý siêu nhanh.","Người thực hiện đang dùng bàn chải đánh răng chà xát mạnh mẽ lên phần viền đế giày có màu sắc sặc sỡ để tạo bọt làm sạch ban đầu.","hook_bold (top)","Fast Motion (push_in)","wipe_left (0.4s)"
"VID_20260603_180225","scene_002","body","14s - 29s","5s","LAU SẠCH BỌT BẨN BAN ĐẦU","Dùng miếng xốp lau nhẹ là đi ngay lớp bụi bẩn bám trên bề mặt rồi.","Sử dụng một miếng mút xốp trắng để lau đi lượng bọt bẩn vừa chà ra trên bề mặt đế giày, để lộ phần cao su đang dần sạch hơn.","framed_card (top)","Satisfying Timewarp (static)","wipe_right (0.4s)"
"VID_20260603_180225","scene_003","body","29s - 44s","6s","SỬ DỤNG DUNG DỊCH CHUYÊN DỤNG","Bây giờ kết hợp thêm dung dịch làm sạch chuyên sâu này nhé.","Lắp vòi xịt vào chai dung dịch tẩy rửa chuyên dụng màu đen và chuẩn bị phun trực tiếp lên các vết ố vàng còn lại.","framed_card (top)","Cinematic Zoom (push_in)","fade (0.3s)"
"VID_20260603_180225","scene_004","body","44s - 61s","6.5s","CHÀ SẠCH CÁC KẼ NHỎ","Chà kỹ vào phần đế, những vết ố vàng cứng đầu nhất cũng phải đầu hàng.","Dùng mút xốp thấm dung dịch chà xát liên tục vào các góc cạnh, kẽ hở nhỏ sát mép vải của đôi giày.","framed_card (top)","Jump Cuts (pulse)","slide_up (0.4s)"
"VID_20260603_180225","scene_005","body","61s - 75s","5s","TĂNG CƯỜNG LÀM SẠCH ĐẾ","Thêm một chút dung dịch nữa để đánh bay hoàn toàn các vết bám lâu năm.","Đổ thêm một ít dung dịch tẩy rửa trực tiếp lên miếng mút xốp rồi tiếp tục chà mạnh tay lên toàn bộ phần đế viền xung quanh.","framed_card (top)","Speed Up (static)","circleopen (0.5s)"
"VID_20260603_180225","scene_006","conclusion","75s - 89s","6s","ĐẾ GIÀY SẠCH BÓNG NHƯ MỚI","Nhìn này, đôi giày đã trở nên trắng sáng như mới mua rồi. Cùng thử ngay nhé!","Cận cảnh đôi giày da trắng muốt sau khi đã được chà rửa và lau sạch bóng, tỏa ra vẻ đẹp như mới xuất xưởng.","cta_red (top)","Epic Reveal (push_out)","none"
"VID_20260710_202451","scene_001","hook","0s - 3s","3s","","","Hai bàn tay đang cầm gói hàng màu xanh","hook_bold (top)","Fast Motion (None)","fade (0.2s)"
"VID_20260710_202451","scene_002","hook","3s - 7s","4s","ĐẬP HỘP ADAPTER SIÊU XỊN!","Cùng mình đập hộp chiếc adapter nguồn siêu xịn này nha!","Dao rọc giấy cắt mở bao nilon xanh lá cây cực kỳ dứt khoát","hook_bold (top)","Epic Reveal (None)","fade (0.3s)"
"VID_20260710_202451","scene_003","body","7s - 13s","6s","Đóng gói cực kỳ cẩn thận","Đóng gói siêu cẩn thận với lớp xốp nổ chống va đập dày dặn luôn nè.","Kéo cuộn xốp hơi màu trắng bọc sản phẩm ra khỏi túi nilon","framed_card (top)","Smooth Transition (None)","fade (0.3s)"
"VID_20260710_202451","scene_004","body","13s - 19s","6s","Nhân vật chính xuất hiện","Bên trong là hộp giấy trắng bảo vệ thiết bị, nhân vật chính xuất hiện rồi đây!","Lột màng xốp bong bóng, mở nắp hộp giấy và kéo cục adapter màu đen ra","neon_glow (top)","Speed Up (None)","fade (0.3s)"
"VID_20260710_202451","scene_005","body","19s - 26s","7s","Thông số chi tiết, rõ ràng","Cục nguồn AC/DC Adapter với đầy đủ thông số in cực kỳ rõ ràng sắc nét.","Cầm cục adapter xoay mặt in thông số kỹ thuật màu vàng đen hướng về phía camera","gold_caption (top)","Cinematic Zoom (Zoom In)","fade (0.3s)"
"VID_20260710_202451","scene_006","conclusion","26s - 33s","7s","Thiết kế bền bỉ, tiện lợi","Thiết kế dây cắm dài tiện lợi, chất liệu nhựa cao cấp siêu bền bỉ.","Xoay mặt sau có họa tiết lượn sóng và giơ hai đầu dây cắm lên","cta_red (top)","Satisfying Timewarp (None)","fade (0.4s)"
"VID_20260621_173714","scene_001","hook","3s - 15s","12s","KHUI HỘP QUÀ SIÊU TO KHỔNG LỒ","U là trời, hôm nay mẹ con mình lại được khui một hộp quà siêu to khổng lồ luôn nè!","Bé và mẹ cùng dùng tay xé bọc nilon hồng bảo vệ bên ngoài hộp màu","hook_bold (top)","Speed Up (pulse)","wipe_left (0.3s)"
"VID_20260621_173714","scene_002","body","15s - 30s","15s","HỘP MÀU SÁP NHỎ XINH CHO BÉ","A, đầu tiên là một hộp màu sáp nhỏ xinh 12 màu siêu đáng yêu nha.","Mở hộp carton ra và lấy hộp màu sáp vàng nhỏ xinh đưa cho bé","framed_card (top)","Epic Reveal (push_in)","slide_up (0.3s)"
"VID_20260621_173714","scene_003","body","30s - 52s","22s","SIÊU PHẨM MARKER 80 MÀU XUẤT HIỆN","Và đây mới là nhân vật chính, bộ màu vẽ Marker Acrylic lên tới 80 màu cực kỳ xịn luôn!","Kéo chiếc hộp nhựa chứa bộ 80 cây bút màu Marker ra ngoài trong sự trầm trồ","neon_glow (top)","Satisfying Timewarp (snap)","circle_open (0.4s)"
"VID_20260621_173714","scene_004","conclusion","52s - 67s","15s","THỎA SỨC SÁNG TẠO CÙNG CON","Thiết kế mở đôi cực kỳ tiện lợi, dải màu siêu rực rỡ giúp con tha hồ sáng tạo những bức tranh đẹp nhất!","Bé mở hai cánh của hộp màu ra, trưng bày toàn bộ 80 cây bút màu sắc sặc sỡ bên trong","gold_caption (top)","Glow (drift)","fade (0.3s)"
"VID_20260622_123701","scene_001","hook","0s - 12s","5s","ĐẬP HỘP ĐÈN LED TÍCH HỢP NAM CHÂM SIÊU XỊN","Hôm nay cùng mình đập hộp một chiếc đèn led nam châm cực kỳ đa năng này nhé.","Tay dùng dao rọc giấy cắt lớp xốp bong bóng bọc bên ngoài chiếc hộp dài.","hook_bold (top)","Satisfying Timewarp (push_in)","wipe_left (0.4s)"
"VID_20260622_123701","scene_002","body","12s - 35s","8s","THIẾT KẾ THON GỌN HIỆN ĐẠI","Đèn được đóng gói rất cẩn thận trong hộp giấy carton cứng cáp.","Tay mở hộp giấy carton đầu bên phải và rút thanh đèn led dài màu trắng ra ngoài.","framed_card (top)","Speed Up (static)","fade (0.3s)"
"VID_20260622_123701","scene_003","body","35s - 55s","7s","ĐẦY ĐỦ PHỤ KIỆN VÀ REMOTE ĐIỀU KHIỂN","Đi kèm có dây sạc USB, đế dán tường nam châm và một chiếc remote điều khiển từ xa rất tiện lợi.","Tay bày các phụ kiện gồm cáp sạc, remote mỏng màu trắng và đế giữ đèn lên mặt bàn.","framed_card (top)","Epic Reveal (drift)","wipe_right (0.4s)"
"VID_20260622_123701","scene_004","body","55s - 75s","7s","ĐẾ NAM CHÂM HÍT CỰC KỲ CHẮC CHẮN","Phần đế có nam châm hít cực nhạy, giúp bạn dễ dàng treo bất cứ nơi nào trong phòng.","Tay lắp phần đế hít bằng nhựa vào khấc nối nam châm ở chính giữa mặt sau thanh đèn.","framed_card (top)","Satisfying Snapping (pulse)","slide_up (0.4s)"
"VID_20260622_123701","scene_005","body","75s - 87s","6s","NHIỀU CHẾ ĐỘ SÁNG VÀ NHIỆT ĐỘ MÀU","Đèn hỗ trợ dải sáng rộng, có thể đổi từ ánh sáng trắng lạnh sang ánh sáng ấm dịu mắt bằng remote.","Thanh đèn được đặt trên bàn và sáng rực rỡ, tay bấm nút remote để chuyển đổi các màu ánh sáng.","neon_glow (top)","Flash (snap)","pixelize (0.5s)"
"VID_20260622_123701","scene_006","conclusion","87s - 96s","5s","CHIẾC ĐÈN ĐA NĂNG ĐÁNG TRẢI NGHIỆM","Đây chắc chắn là một món đồ công nghệ thông minh không thể thiếu cho góc học tập và làm việc của bạn.","Toàn bộ thanh đèn led cùng các phụ kiện được xếp gọn gàng trên bàn gỗ.","cta_red (top)","Cinematic Zoom (push_out)","fade (0.3s)"
"VID_20260621_173714","scene_001","hook","3s - 15s","12s","KHUI HỘP QUÀ SIÊU TO KHỔNG LỒ","U là trời, hôm nay mẹ con mình lại được khui một hộp quà siêu to khổng lồ luôn nè!","Bé và mẹ cùng dùng tay xé bọc nilon hồng bảo vệ bên ngoài hộp màu","hook_bold (top)","Speed Up (pulse)","wipe_left (0.3s)"
"VID_20260621_173714","scene_002","body","15s - 30s","15s","HỘP MÀU SÁP NHỎ XINH CHO BÉ","A, đầu tiên là một hộp màu sáp nhỏ xinh 12 màu siêu đáng yêu nha.","Mở hộp carton ra và lấy hộp màu sáp vàng nhỏ xinh đưa cho bé","framed_card (top)","Epic Reveal (push_in)","slide_up (0.3s)"
"VID_20260621_173714","scene_003","body","30s - 52s","22s","SIÊU PHẨM MARKER 80 MÀU XUẤT HIỆN","Và đây mới là nhân vật chính, bộ màu vẽ Marker Acrylic lên tới 80 màu cực kỳ xịn luôn!","Kéo chiếc hộp nhựa chứa bộ 80 cây bút màu Marker ra ngoài trong sự trầm trồ","neon_glow (top)","Satisfying Timewarp (snap)","circle_open (0.4s)"
"VID_20260621_173714","scene_004","conclusion","52s - 67s","15s","THỎA SỨC SÁNG TẠO CÙNG CON","Thiết kế mở đôi cực kỳ tiện lợi, dải màu siêu rực rỡ giúp con tha hồ sáng tạo những bức tranh đẹp nhất!","Bé mở hai cánh của hộp màu ra, trưng bày toàn bộ 80 cây bút màu sắc sặc sỡ bên trong","gold_caption (top)","Glow (drift)","fade (0.3s)"
"VID_20260622_123701","scene_001","hook","0s - 12s","5s","ĐẬP HỘP ĐÈN LED TÍCH HỢP NAM CHÂM SIÊU XỊN","Hôm nay cùng mình đập hộp một chiếc đèn led nam châm cực kỳ đa năng này nhé.","Tay dùng dao rọc giấy cắt lớp xốp bong bóng bọc bên ngoài chiếc hộp dài.","hook_bold (top)","Satisfying Timewarp (push_in)","wipe_left (0.4s)"
"VID_20260622_123701","scene_002","body","12s - 35s","8s","THIẾT KẾ THON GỌN HIỆN ĐẠI","Đèn được đóng gói rất cẩn thận trong hộp giấy carton cứng cáp.","Tay mở hộp giấy carton đầu bên phải và rút thanh đèn led dài màu trắng ra ngoài.","framed_card (top)","Speed Up (static)","fade (0.3s)"
"VID_20260622_123701","scene_003","body","35s - 55s","7s","ĐẦY ĐỦ PHỤ KIỆN VÀ REMOTE ĐIỀU KHIỂN","Đi kèm có dây sạc USB, đế dán tường nam châm và một chiếc remote điều khiển từ xa rất tiện lợi.","Tay bày các phụ kiện gồm cáp sạc, remote mỏng màu trắng và đế giữ đèn lên mặt bàn.","framed_card (top)","Epic Reveal (drift)","wipe_right (0.4s)"
"VID_20260622_123701","scene_004","body","55s - 75s","7s","ĐẾ NAM CHÂM HÍT CỰC KỲ CHẮC CHẮN","Phần đế có nam châm hít cực nhạy, giúp bạn dễ dàng treo bất cứ nơi nào trong phòng.","Tay lắp phần đế hít bằng nhựa vào khấc nối nam châm ở chính giữa mặt sau thanh đèn.","framed_card (top)","Satisfying Snapping (pulse)","slide_up (0.4s)"
"VID_20260622_123701","scene_005","body","75s - 87s","6s","NHIỀU CHẾ ĐỘ SÁNG VÀ NHIỆT ĐỘ MÀU","Đèn hỗ trợ dải sáng rộng, có thể đổi từ ánh sáng trắng lạnh sang ánh sáng ấm dịu mắt bằng remote.","Thanh đèn được đặt trên bàn và sáng rực rỡ, tay bấm nút remote để chuyển đổi các màu ánh sáng.","neon_glow (top)","Flash (snap)","pixelize (0.5s)"
"VID_20260622_123701","scene_006","conclusion","87s - 96s","5s","CHIẾC ĐÈN ĐA NĂNG ĐÁNG TRẢI NGHIỆM","Đây chắc chắn là một món đồ công nghệ thông minh không thể thiếu cho góc học tập và làm việc của bạn.","Toàn bộ thanh đèn led cùng các phụ kiện được xếp gọn gàng trên bàn gỗ.","cta_red (top)","Cinematic Zoom (push_out)","fade (0.3s)"
"VID_20260621_173714","scene_001","hook","3s - 15s","12s","KHUI HỘP QUÀ SIÊU TO KHỔNG LỒ","U là trời, hôm nay mẹ con mình lại được khui một hộp quà siêu to khổng lồ luôn nè!","Bé và mẹ cùng dùng tay xé bọc nilon hồng bảo vệ bên ngoài hộp màu","hook_bold (top)","Speed Up (pulse)","wipe_left (0.3s)"
"VID_20260621_173714","scene_002","body","15s - 30s","15s","HỘP MÀU SÁP NHỎ XINH CHO BÉ","A, đầu tiên là một hộp màu sáp nhỏ xinh 12 màu siêu đáng yêu nha.","Mở hộp carton ra và lấy hộp màu sáp vàng nhỏ xinh đưa cho bé","framed_card (top)","Epic Reveal (push_in)","slide_up (0.3s)"
"VID_20260621_173714","scene_003","body","30s - 52s","22s","SIÊU PHẨM MARKER 80 MÀU XUẤT HIỆN","Và đây mới là nhân vật chính, bộ màu vẽ Marker Acrylic lên tới 80 màu cực kỳ xịn luôn!","Kéo chiếc hộp nhựa chứa bộ 80 cây bút màu Marker ra ngoài trong sự trầm trồ","neon_glow (top)","Satisfying Timewarp (snap)","circle_open (0.4s)"
"VID_20260621_173714","scene_004","conclusion","52s - 67s","15s","THỎA SỨC SÁNG TẠO CÙNG CON","Thiết kế mở đôi cực kỳ tiện lợi, dải màu siêu rực rỡ giúp con tha hồ sáng tạo những bức tranh đẹp nhất!","Bé mở hai cánh của hộp màu ra, trưng bày toàn bộ 80 cây bút màu sắc sặc sỡ bên trong","gold_caption (top)","Glow (drift)","fade (0.3s)"
"VID_20260622_123701","scene_001","hook","0s - 12s","5s","ĐẬP HỘP ĐÈN LED TÍCH HỢP NAM CHÂM SIÊU XỊN","Hôm nay cùng mình đập hộp một chiếc đèn led nam châm cực kỳ đa năng này nhé.","Tay dùng dao rọc giấy cắt lớp xốp bong bóng bọc bên ngoài chiếc hộp dài.","hook_bold (top)","Satisfying Timewarp (push_in)","wipe_left (0.4s)"
"VID_20260622_123701","scene_002","body","12s - 35s","8s","THIẾT KẾ THON GỌN HIỆN ĐẠI","Đèn được đóng gói rất cẩn thận trong hộp giấy carton cứng cáp.","Tay mở hộp giấy carton đầu bên phải và rút thanh đèn led dài màu trắng ra ngoài.","framed_card (top)","Speed Up (static)","fade (0.3s)"
"VID_20260622_123701","scene_003","body","35s - 55s","7s","ĐẦY ĐỦ PHỤ KIỆN VÀ REMOTE ĐIỀU KHIỂN","Đi kèm có dây sạc USB, đế dán tường nam châm và một chiếc remote điều khiển từ xa rất tiện lợi.","Tay bày các phụ kiện gồm cáp sạc, remote mỏng màu trắng và đế giữ đèn lên mặt bàn.","framed_card (top)","Epic Reveal (drift)","wipe_right (0.4s)"
"VID_20260622_123701","scene_004","body","55s - 75s","7s","ĐẾ NAM CHÂM HÍT CỰC KỲ CHẮC CHẮN","Phần đế có nam châm hít cực nhạy, giúp bạn dễ dàng treo bất cứ nơi nào trong phòng.","Tay lắp phần đế hít bằng nhựa vào khấc nối nam châm ở chính giữa mặt sau thanh đèn.","framed_card (top)","Satisfying Snapping (pulse)","slide_up (0.4s)"
"VID_20260622_123701","scene_005","body","75s - 87s","6s","NHIỀU CHẾ ĐỘ SÁNG VÀ NHIỆT ĐỘ MÀU","Đèn hỗ trợ dải sáng rộng, có thể đổi từ ánh sáng trắng lạnh sang ánh sáng ấm dịu mắt bằng remote.","Thanh đèn được đặt trên bàn và sáng rực rỡ, tay bấm nút remote để chuyển đổi các màu ánh sáng.","neon_glow (top)","Flash (snap)","pixelize (0.5s)"
"VID_20260622_123701","scene_006","conclusion","87s - 96s","5s","CHIẾC ĐÈN ĐA NĂNG ĐÁNG TRẢI NGHIỆM","Đây chắc chắn là một món đồ công nghệ thông minh không thể thiếu cho góc học tập và làm việc của bạn.","Toàn bộ thanh đèn led cùng các phụ kiện được xếp gọn gàng trên bàn gỗ.","cta_red (top)","Cinematic Zoom (push_out)","fade (0.3s)"
"VID_20260622_171725","scene_001","hook","3s - 9s","6s","Khui hộp bất ngờ xem có gì!","Hộp phụ kiện gì mà đóng gói kỹ thế nhỉ? Khui nhanh ra thử xem nào!","Cắt băng keo niêm phong màu vàng rực rỡ để mở hộp.","hook_bold (top)","Epic Reveal (push_in)","wipe_left (0.3s)"
"VID_20260622_171725","scene_002","body","9s - 22s","13s","Đầu đánh bóng mini chuyên dụng","Thì ra là bộ đầu mài nỉ và bông đánh bóng mini siêu tiện lợi đây rồi.","Mở nắp hộp giấy carton lấy ra túi xốp bọc khí bảo vệ.","framed_card (top)","Speed Up (static)","slide_up (0.3s)"
"VID_20260622_171725","scene_003","body","22s - 38s","16s","Nhiều kích cỡ lựa chọn","Có đầy đủ các kích cỡ từ nhỏ đến lớn cho anh em lựa chọn thoải mái.","Xếp các túi zip đựng đầu bông mài nỉ lên tấm lót kỹ thuật.","neon_glow (top)","Zoom In (pulse)","circle_open (0.4s)"
"VID_20260622_171725","scene_004","body","38s - 48s","10s","Chất nỉ nén cực mịn và chắc","Chất nỉ nén siêu dày dặn chắc chắn, xử lý cực ngon các chi tiết nhỏ hẹp.","Cầm một chiếc đầu nỉ bông màu trắng gắn trục kim loại đưa lên trước camera.","gold_caption (top)","Shake (overshoot)","wipe_right (0.3s)"
"VID_20260622_171725","scene_005","conclusion","48s - 59s","11s","Trợ thủ đắc lực cho dân DIY","Anh em làm đồ da thủ công hay DIY mà có bộ này thì chế tác bao phê luôn nhé.","Sắp xếp gọn gàng các đầu nỉ mài trên bảng lưới xanh.","cta_red (top)","Fast Motion (static)","fade (0.5s)"
"VID_20260622_171922","scene_003","hook","13s - 18s","5s","ĐÁNH BÓNG DA CỰC PHÊ!","Xem cái này đảm bảo nghiện luôn nha mọi người, cực kỳ mượt mà!","Máy bắt đầu chạm vào bề mặt da chuyển động xoay tròn","hook_bold (top)","Epic Reveal (push_in)","wipe_left (0.3s)"
"VID_20260622_171922","scene_004","body","18s - 25s","7s","MỊN MÀNG TỪNG MILIMET","Nhìn đường viền thô ráp ban đầu dần biến mất kìa.","Đầu bông di chuyển dọc theo mép bo tròn","framed_card (top)","Satisfying Timewarp (drift)","slide_up (0.3s)"
"VID_20260622_171922","scene_005","transition","25s - 30s","5s","SIÊU BÓNG SIÊU ĐẸP","Quá đỉnh, bóng loáng như gương luôn rồi.","Góc quay cận cảnh ánh sáng phản chiếu trên mép da bóng loáng","neon_glow (top)","Glow (pulse)","circle_open (0.3s)"
"VID_20260622_171922","scene_006","conclusion","30s - 34s","4s","QUÁ XUẤT SẮC!","Bạn thấy thành phẩm thế nào? Hãy để lại ý kiến nhé!","Đặt sản phẩm xuống và ngắm nhìn cạnh da bóng lộn","gold_caption (top)","Cinematic Zoom (push_out)","fade (0.4s)"
"VID_20260622_172006","scene_001","hook","3s - 8s","5s","ĐÁNH BÓNG DA THẬT SIÊU MƯỢT","Xem cận cảnh quá trình làm bóng chiếc ví da bò thủ công cực kỳ đã mắt này nhé.","Máy mài mini lắp đầu len cừu xoay tròn đánh bóng bề mặt ví da đen bóng loáng.","hook_bold (top)","Epic Reveal (snap)","wipe_left (0.3s)"
"VID_20260622_172006","scene_002","body","8s - 14s","6s","TỪNG CHI TIẾT ĐỀU HOÀN HẢO","Từng đường bo góc được xử lý mịn màng, mang lại trải nghiệm cầm nắm cực kỳ cao cấp.","Đầu mài lướt nhẹ dọc theo các viền chỉ khâu của chiếc ví da.","framed_card (top)","Satisfying Timewarp (drift)","slide_up (0.3s)"
"VID_20260622_172006","scene_003","transition","14s - 18s","4s","ĐỘ HOÀN THIỆN CỰC CAO","Đây là bước quyết định giúp chiếc ví có được độ bóng gương tự nhiên lâu bền.","Đầu len cừu miết mạnh vào phần hông ví tạo nên độ phản chiếu ánh sáng sắc nét.","neon_glow (top)","Speed Up (pulse)","circle_open (0.4s)"
"VID_20260622_172006","scene_004","conclusion","18s - 21s","3s","SIÊU PHẨM HOÀN THÀNH","Một tác phẩm ví da hoàn hảo đã sẵn sàng đồng hành cùng bạn.","Chiếc ví da đen bóng lộn đặt nằm cạnh máy mài thủ công trên thảm cắt.","gold_caption (bottom)","Glow (static)","fade (0.3s)"
"VID_20260624_092544","scene_001","hook","1.5s - 4.5s","3s","ĐỘ ÊM CỰC ĐỈNH!","Mấy bà biết đôi dép này êm tới cỡ nào không?","Tay bóp cong chiếc dép để khoe độ dẻo và đàn hồi của chất liệu.","hook_bold (top)","Epic Reveal (push_in)","wipe_right (0.3s)"
"VID_20260624_092544","scene_002","body","4.5s - 8s","3.5s","CHỐNG TRƯỢT ỔN ÁP","Phần đế được thiết kế đặc biệt chống trượt tối đa.","Đổi góc quay, lật dép để khoe chi tiết đế có họa tiết chống trượt và tay nhấn vào.","framed_card (top)","Zoom In (push_in)","slide_up (0.3s)"
"VID_20260624_092544","scene_003","body","16s - 20.5s","4.5s","NHẸ TÊNH ÊM CHÂN","Chất liệu EVA nguyên khối, nhẹ tênh và cực kỳ thoải mái.","Hai chiếc dép được ép vào nhau, minh họa độ đàn hồi và êm ái của chất liệu.","neon_glow (top)","Satisfying Timewarp (overshoot)","circle_open (0.4s)"
"VID_20260624_092544","scene_004","conclusion","26s - 31.5s","5.5s","SANG XỊN MỊN","Thiết kế tối giản nhưng vẫn toát lên vẻ sang trọng.","Cận cảnh hai chiếc dép được đặt cạnh nhau, cho thấy thiết kế và màu sắc tổng thể.","cta_red (top)","Glow (static)","fade (0.5s)"
"VID_20260624_092630","scene_002","hook","3s - 8s","5s","DÉP GẤU SIÊU CƯNG LUÔN!","Nhìn đôi dép bánh mì gấu này cưng xỉu chưa nè mọi người ơi!","Tay nhấc dép lên xoay nhẹ khoe form dáng tròn trịa đáng yêu","hook_bold (top)","Epic Reveal (push_in)","wipe_left (0.3s)"
"VID_20260624_092630","scene_003","body","8s - 14s","6s","ĐẾ DÀY ÊM CHÂN CỰC KỲ","Đế dép siêu dày dặn, cầm chắc tay mà cực kỳ nhẹ luôn nha.","Lật mặt dưới khoe vân chống trượt và độ dày của đế dép","framed_card (top)","Speed Up (static)","slide_up (0.3s)"
"VID_20260624_092630","scene_004","body","14s - 19s","5s","HÌNH GẤU NỔI 3D SIÊU ĐÁNG YÊU","Mấy icon chú gấu nhỏ được gắn sẵn xinh xắn lắm nè.","Chỉ tay vào sticker gấu bé xinh nổi bật trên quai dép","neon_glow (top)","Zoom In (push_in)","circle_open (0.3s)"
"VID_20260624_092630","scene_005","body","19s - 25s","6s","NHỰA EVA CAO CẤP CHỐNG THẤM","Chất nhựa EVA cao cấp không lo bị bám bẩn hay mùi hôi đâu.","Tay ấn mạnh bẻ nhẹ quai dép thể hiện độ dẻo đàn hồi tốt","framed_card (top)","Shake (snap)","pixelize (0.4s)"
"VID_20260624_092630","scene_006","body","25s - 31s","6s","FORM DÉP ÔM CHÂN TÔN DÁNG","Form dép ôm chân, lên chân tôn dáng mà màu sắc lại cực dễ phối đồ.","Đặt hai đôi dép ngay ngắn song song trên nền gỗ","gold_caption (top)","Glow (drift)","wipe_right (0.3s)"
"VID_20260624_092630","scene_007","transition","31s - 35s","4s","ĐI TRONG NHÀ HAY ĐI CHƠI ĐỀU ĐẸP","Đi học đi chơi hay đi trong nhà đều siêu hợp luôn đó.","Xoay dọc dép góc ngang đầy đặn","framed_card (top)","Smooth Transition (static)","fade (0.3s)"
"VID_20260624_092630","scene_008","conclusion","35s - 38s","3s","BẠN ĐÃ CÓ EM NÀY CHƯA?","Các bạn thấy em này thế nào, để lại ý kiến bên dưới nhé!","Góc quay tĩnh từ xa toàn bộ đôi dép ngay ngắn xinh xắn kết thúc","cta_red (bottom)","Cinematic Zoom (push_out)","fade (0.2s)"
"VID_20260625_123258","scene_004","conclusion","55s - 62s","7s","Chiếu sáng sân vườn cực chất!","Với chiếc đèn pha LED này, mọi góc tối đều sẽ được chiếu sáng bừng, rất đáng để đầu tư!","Final shots of the LED flood light, showing its design and potential use.","hook_bold (bottom)","Glow (static)","fade (0.4s)"
"VID_20260625_123258","scene_001","hook","4s - 32s","28s","Mở hộp đèn LED 50W cực đã!","Mới nhận được gói hàng này, nghe nói là đèn LED công suất lớn, cùng tôi khám phá nào!","Hands cutting and removing bubble wrap, revealing product box.","hook_bold (top)","Speed Up (snap)","wipe_right (0.4s)"
"VID_20260625_123258","scene_002","body","32s - 46s","14s","Đèn LED 50W, chống nước IP66","Đây rồi, chiếc đèn LED 50W chuẩn IP66, chống nước hoàn hảo cho mọi điều kiện thời tiết.","Opening box, pulling out the flood light, showing its front.","framed_card (top)","Cinematic Zoom (push_in)","circle_open (0.3s)"
"VID_20260625_123258","scene_003","body","46s - 55s","9s","Dây chắc chắn, khung linh hoạt!","Dây điện bọc chắc chắn và khung đỡ có thể điều chỉnh xoay 180 độ, cực kỳ tiện lợi để lắp đặt.","Showing exposed wires and adjusting the black metal stand.","neon_glow (top)","Smooth Transition (drift)","slide_up (0.35s)"
"VID_20260625_123258","scene_004","conclusion","55s - 62s","7s","Chiếu sáng sân vườn cực chất!","Với chiếc đèn pha LED này, mọi góc tối đều sẽ được chiếu sáng bừng, rất đáng để đầu tư!","Final shots of the LED flood light, showing its design and potential use.","cta_red (bottom)","Glow (static)","fade (0.4s)"
"VID_20260616_113203","scene_006","conclusion","73s - 85s","7s","HÃY CHĂM SÓC ĐỒ DA CỦA BẠN","Đừng quên bảo quản và vệ sinh những món đồ da yêu thích thường xuyên để giữ chúng bền đẹp theo thời gian nhé!","Đóng nắp hũ sáp nhôm lại tỉ mỉ và đặt cạnh miếng mút vàng trên chiếc thớt da màu xanh lục.","hook_bold (top)","Cinematic Zoom (push_out)","fade (0.5s)"
"VID_20260616_113203","scene_001","hook","0s - 9s","4s","UNBOXING HỘP QUÀ BÍ ẨN CHO ĐỒ DA","Hôm nay cùng mình khui một chiếc hộp cực kỳ đặc biệt dành riêng cho các tín đồ mê đồ da nhé.","Cận cảnh bàn tay cầm hộp giấy carton nhỏ, chuẩn bị dùng dao rọc giấy sắc bén.","hook_bold (top)","Epic Reveal (push_in)","wipe_left (0.3s)"
"VID_20260616_113203","scene_002","body","9s - 20s","5s","ĐƯỜNG CẮT SẮC BÉN CỰC KỲ ĐÃ TAI","Cảm giác rạch lớp băng keo siêu mượt bằng một cây dao rọc chuyên dụng.","Dao rọc giấy rạch dứt khoát qua lớp băng keo xanh trên hộp giấy.","neon_glow (top)","Satisfying Timewarp (static)","fade (0.3s)"
"VID_20260616_113203","scene_003","body","20s - 52s","8s","BÊN TRONG CÓ GÌ NÀO","Hộp giấy đi kèm một miếng xốp tròn và một hũ sáp được bọc chống sốc vô cùng chắc chắn.","Lấy hũ kim loại được bọc chống sốc dán keo xanh ra khỏi hộp cùng miếng mút xốp màu vàng.","framed_card (top)","Fast Motion (pulse)","wipe_right (0.3s)"
"VID_20260616_113203","scene_004","body","52s - 65s","6s","SÁP DƯỠNG DA SHOES UP CAO CẤP","Và đây là hũ Shoes Up Leather Soap, sản phẩm sáp chuyên dụng để làm sạch và làm mới đồ da hiệu quả.","Mở nắp hũ nhôm tròn, để lộ lớp sáp xà phòng dưỡng màu trắng mịn màng bên trong.","gold_caption (top)","Epic Reveal (push_in)","fade (0.3s)"
"VID_20260616_113203","scene_005","body","65s - 73s","5s","CHẤT SÁP MỀM MỊN ĐÁNG KINH NGẠC","Chất sáp cực mịn, dùng kèm miếng xốp xoa nhẹ là đã có thể lấy đều sáp để chuẩn bị lau rồi.","Dùng miếng mút vàng quét nhẹ một vòng tròn trên bề mặt sáp trắng mướt.","framed_card (top)","Satisfying Timewarp (drift)","slide_up (0.3s)"
"VID_20260616_113203","scene_006","conclusion","73s - 85s","7s","HÃY CHĂM SÓC ĐỒ DA CỦA BẠN","Đừng quên bảo quản và vệ sinh những món đồ da yêu thích thường xuyên để giữ chúng bền đẹp theo thời gian nhé!","Đóng nắp hũ sáp nhôm lại tỉ mỉ và đặt cạnh miếng mút vàng trên chiếc thớt da màu xanh lục.","cta_red (top)","Cinematic Zoom (push_out)","fade (0.5s)"
"VID_20260617_083357","scene_001","hook","0s - 15s","3.5s","MẸO LÀM SẠCH GIÀY TÂY DA BÒ CỰC DỄ","Hôm nay mình sẽ hướng dẫn các bạn cách làm sạch một đôi giày tây da bò đơn giản ngay tại nhà.","Tay người dùng nhúng bàn chải vào hũ sáp vệ sinh màu trắng rồi bắt đầu chà nhẹ lên viền đế giày màu vàng bò.","hook_bold (top)","Epic Reveal (push_in)","wipe_left (0.3s)"
"VID_20260617_083357","scene_002","body","15s - 63s","9s","CHÀ NHẸ THEO VÒNG TRÒN","Dùng bàn chải lông mềm và bọt vệ sinh để chà nhẹ lên phần da upper, tránh làm xước bề mặt da nhé.","Sử dụng bàn chải chà đều bọt trắng lên khắp thân giày da màu vàng bò, bọt bắt đầu phủ đều.","framed_card (top)","Fast Motion (static)","fade (0.3s)"
"VID_20260617_083357","scene_003","body","63s - 99s","8s","TẬP TRUNG VÀO CÁC ĐƯỜNG BROGUE","Đặc biệt chú ý các đường chỉ và họa tiết đục lỗ, nơi bụi bẩn bám lại rất dai dẳng.","Chà kỹ lưỡng phần mũi giày có các lỗ hoa văn trang trí tinh xảo.","neon_glow (top)","Zoom In (push_in)","slide_up (0.4s)"
"VID_20260617_083357","scene_004","body","99s - 164s","10.5s","ĐÁNH SẠCH TOÀN BỘ CÁC GÓC KHUẤT","Đừng quên phần gót và lưỡi gà bên dưới dây giày nhé. Vệ sinh đều tay sẽ giúp màu da sáng đồng đều.","Xoay ngược giày lại để đánh sạch phần gót và các cạnh bên hông của giày.","framed_card (top)","Satisfying Timewarp (drift)","wipe_right (0.3s)"
"VID_20260617_083357","scene_005","conclusion","164s - 188.45s","6s","ĐÓN CHỜ DIỆN MẠO MỚI","Vậy là đôi giày đã sạch bong như mới rồi. Follow kênh để bỏ túi thêm nhiều mẹo hữu ích nhé!","Người dùng lau sạch vết sáp bọt thừa, khoe đôi giày da bò đã được làm sạch sáng loáng hoàn hảo.","cta_red (top)","Epic Reveal (pulse)","none"
"VID_20260617_083708","scene_001","hook","0s - 15s","4s","BÍ QUYẾT PHỤC HỒI GIÀY DA CỰC DỄ","Đừng vội bỏ đi đôi giày da cũ! Hôm nay mình sẽ hướng dẫn các bạn cách làm sạch và dưỡng da giày cực kỳ đơn giản.","Cận cảnh bàn tay dùng khăn lau sạch bề mặt da giày màu nâu bóng loáng","hook_bold (top)","Epic Reveal (push_in)","wipe_left (0.4s)"
"VID_20260617_083708","scene_002","body","15s - 38s","12s","LAU SẠCH BỤI BẨN BÁM TRÊN BỀ MẶT","Đầu tiên, dùng một chiếc khăn sạch để lau sạch bụi bẩn bám sâu bên trong và các nếp gấp của giày nhé.","Lau kỹ từng góc cạnh và các khe chỉ may trên đôi giày da","framed_card (top)","Fast Motion (static)","fade (0.3s)"
"VID_20260617_083708","scene_003","body","38s - 62s","15s","THOA KEM DƯỠNG BẢO VỆ DA GIÀY","Tiếp theo là thoa một lớp kem dưỡng đều tay để giúp chất da luôn mềm mịn, sáng bóng và ngăn ngừa nứt nẻ.","Thoa sáp dưỡng lên phần mui giày và xoa đều bằng khăn mềm","gold_caption (top)","Satisfying Timewarp (drift)","wipe_right (0.4s)"
"VID_20260617_083708","scene_004","conclusion","62s - 70s","5s","KẾT QUẢ ĐẦY BẤT NGỜ!","Và đây là kết quả! Đôi giày trông như mới chỉ sau vài phút chăm sóc tại nhà. Hãy thử ngay nha!","Đặt hai chiếc giày cạnh nhau phô diễn độ bóng lộng lẫy sau khi spa","cta_red (top)","Epic Reveal (push_out)","fade (0.5s)"
"VID_20260617_083910","scene_005","conclusion","157s - 204s","11s","LAU SẠCH VÀ CHIÊM NGƯỠNG THÀNH QUẢ","Oa, nhìn lớp da sáng bóng trở lại cực kỳ đã mắt luôn nè! Chúc các bạn thực hiện thành công nhé!","Dùng khăn trắng lau miết nhẹ nhàng lớp bọt, làm lộ ra phần da sạch bóng loáng như mới phục hồi.","hook_bold (top)","Zoom In (push_in)","fade (0.4s)"
"VID_20260617_083910","scene_001","hook","0s - 15s","4s","LÀM SẠCH GIÀY DA ĐÚNG CHUẨN","Bạn đã biết cách làm sạch giày da đúng chuẩn tại nhà chưa?","Cảnh bàn tay lấy xà bông chuyên dụng bằng bàn chải lông mềm và bắt đầu chà nhẹ lên mũi giày da màu vàng bò.","hook_bold (top)","Epic Reveal (push_in)","wipe_left (0.3s)"
"VID_20260617_083910","scene_002","body","15s - 45s","6s","SỬ DỤNG XÀ BÔNG CHUYÊN DỤNG","Dùng bàn chải mềm kết hợp cùng xà bông chuyên dụng cho đồ da để tạo bọt mịn nhé.","Chà kỹ vùng da phía trước, bọt trắng mịn dần nổi lên, che phủ đi những mảng bám bẩn.","framed_card (top)","Satisfying Timewarp (static)","fade (0.3s)"
"VID_20260617_083910","scene_003","body","45s - 105s","8s","ĐÁNH KỸ CÁC KẼ KHÂU VÀ VIỀN","Đánh kỹ những phần viền và kẽ khâu, bọt xà bông sẽ lấy đi mọi vết bám bẩn lâu ngày.","Thao tác chà bàn chải dọc theo các đường chỉ may nổi và viền đế giày, bọt xà bông trải đều.","framed_card (top)","Fast Motion (pulse)","wipe_right (0.3s)"
"VID_20260617_083910","scene_004","body","105s - 157s","6s","CHUẨN BỊ LAU SẠCH BỌT","Xong rồi thì chuẩn bị một chiếc khăn cotton sạch để lau lớp bọt dơ này đi thôi.","Cọ nhanh phần gót sau, đặt bàn chải xuống và chuẩn bị lấy khăn giấy/khăn vải khô sạch.","framed_card (top)","Speed Up (static)","slide_up (0.4s)"
"VID_20260617_083910","scene_005","conclusion","157s - 204s","11s","LAU SẠCH VÀ CHIÊM NGƯỠNG THÀNH QUẢ","Oa, nhìn lớp da sáng bóng trở lại cực kỳ đã mắt luôn nè! Chúc các bạn thực hiện thành công nhé!","Dùng khăn trắng lau miết nhẹ nhàng lớp bọt, làm lộ ra phần da sạch bóng loáng như mới phục hồi.","gold_caption (top)","Zoom In (push_in)","fade (0.4s)"
"VID_20260617_102737","scene_001","hook","0s - 10s","4s","CÁCH XỎ DÂY GIÀY DA ĐẸP NHẤT","Bạn đã biết cách xỏ dây giày da sao cho gọn gàng và lịch lãm nhất chưa?","Góc quay từ trên xuống thấy đôi giày da vàng sang trọng, tay người bắt đầu cầm dây chuẩn bị xỏ vào lỗ đầu tiên.","hook_bold (top)","Epic Reveal (push_in)","wipe_left (0.4s)"
"VID_20260617_102737","scene_002","body","10s - 45s","12s","XỎ THEO ĐƯỜNG SONG SONG","Chúng ta sẽ xỏ từ dưới lên, luồn các đường dây chạy song song để tạo cảm giác tối giản.","Cận cảnh đôi tay đan khéo léo, kéo căng dây giày qua từng nấc lỗ đều đặn.","framed_card (top)","Satisfying Timewarp (static)","fade (0.3s)"
"VID_20260617_102737","scene_003","body","45s - 80s","12s","CĂN CHỈNH CHO ĐỀU NHAU","Hãy nhớ căn đều hai đầu dây để khi thắt nút phần nơ trông cân đối nhất.","Người xỏ dây giày chỉnh lại độ căng của các dây ở phần lưỡi gà sát cổ chân.","framed_card (top)","Jump Cuts (drift)","slide_up (0.4s)"
"VID_20260617_102737","scene_004","conclusion","80s - 93s","6s","ĐẸP XUẤT SẮC LUÔN NÈ","Vậy là xong rồi, nhìn cực kì sang trọng đúng không nào? Hãy lưu lại để áp dụng nhé.","Người mang xỏ chân vào đôi giày đã hoàn thiện dây và bước đi tự tin, tôn dáng đôi giày da.","neon_glow (top)","Glow (push_out)","fade (0.5s)"
"VID_20260617_102942","scene_005","conclusion","100s - 111s","6.5s","HOÀN THIỆN PHONG CÁCH QUÝ ÔNG","Thử ngay cách buộc cực đỉnh này cho đôi giày yêu thích của bạn nhé!","Người đàn ông mang giày bước đi và cân chỉnh gấu quần jean hoàn hảo","hook_bold (bottom)","Cinematic Zoom (push_out)","fade (0.5s)"
"VID_20260617_102942","scene_001","hook","0s - 5s","3.5s","CÁCH BUỘC DÂY GIÀY TÂY SANG XỊN","Hôm nay mình sẽ chỉ cho các bạn cách buộc dây giày tây cực kỳ tinh tế và sang trọng nhé.","Cận cảnh bàn tay bắt đầu chỉnh dáng giày da màu vàng bò sang trọng","hook_bold (top)","Zoom In (push_in)","wipe_left (0.3s)"
"VID_20260617_102942","scene_002","body","5s - 30s","7s","ĐẦU TIÊN XỎ THẲNG HÀNG NGANG","Đầu tiên, hãy luồn dây qua hai lỗ dưới cùng tạo thành một đường ngang thẳng tắp.","Từng nhịp luồn dây qua các lỗ giày dưới bàn tay khéo léo","framed_card (top)","Speed Up (static)","fade (0.3s)"
"VID_20260617_102942","scene_003","body","30s - 70s","10s","ĐAN SONG SONG THEO KIỂU CỔ ĐIỂN","Tiếp theo, lần lượt luồn chéo hoặc đi thẳng song song để các nút thắt thật gọn gàng.","Cận cảnh thao tác đan chéo các lỗ tiếp theo cực kỳ nhanh gọn và chuẩn xác","framed_card (top)","Jump Cuts (pulse)","wipe_right (0.3s)"
"VID_20260617_102942","scene_004","body","70s - 100s","8s","GIẤU DÂY THỪA VÀO BÊN TRONG","Cuối cùng, thắt nút ẩn phía dưới lưỡi gà để đôi giày trông tối giản và lịch lãm nhất có thể.","Ngón tay khéo léo thắt nút nơ hoàn chỉnh rồi giấu gọn gàng","neon_glow (top)","Epic Reveal (drift)","slide_up (0.4s)"
"VID_20260617_102942","scene_005","conclusion","100s - 111s","6.5s","HOÀN THIỆN PHONG CÁCH QUÝ ÔNG","Thử ngay cách buộc cực đỉnh này cho đôi giày yêu thích của bạn nhé!","Người đàn ông mang giày bước đi và cân chỉnh gấu quần jean hoàn hảo","gold_caption (bottom)","Cinematic Zoom (push_out)","fade (0.5s)"
"VID_20260705_095547","scene_001","hook","0s - 6s","3s","HỘP QUÀ SIÊU ANH HÙNG CHO BÉ","Hôm nay mình mới tậu được một món quà siêu đặc biệt dành cho các fan nhí của Người Nhện đây.","Cận cảnh bàn tay xoay nhẹ chiếc hộp carton dán băng keo vàng trên thảm đen.","hook_bold (top)","Epic Reveal (push_in)","wipe_left (0.4s)"
"VID_20260705_095547","scene_002","body","6s - 35s","6s","KHÁM PHÁ BÊN TRONG NÀO","Cùng mình khui chiếc hộp này ra xem bên trong có những gì thú vị nhé.","Tay cầm dao rọc giấy khéo léo rạch dọc theo các đường băng keo để mở hộp.","framed_card (top)","Jump Cuts (snap)","fade (0.3s)"
"VID_20260705_095547","scene_003","body","35s - 54s","5s","BỘ ĐỒ SPIDERMAN SIÊU NGẦU","Oa, một bộ trang phục Người Nhện màu đỏ cực kỳ bắt mắt luôn.","Tay mở nắp hộp giấy và lôi ra chiếc túi nilon đựng bộ đồ màu đỏ nổi bật.","neon_glow (top)","Glow (push_in)","wipe_right (0.4s)"
"VID_20260705_095547","scene_004","body","54s - 73s","6s","ĐẦY ĐỦ PHỤ KIỆN ĐI KÈM","Chất vải thun co giãn rất mượt, sờ vào thích tay cực kỳ.","Xé túi nilon bọc bên ngoài và lấy bộ đồ Spiderman ra đặt lên thảm trải.","framed_card (top)","Satisfying Timewarp (drift)","slide_up (0.3s)"
"VID_20260705_095547","scene_005","body","73s - 78s","4s","MẶT NẠ NGƯỜI NHỆN XỊN SÒ","Có cả mặt nạ hóa trang xịn sò đi kèm để bé tha hồ nhập vai nha.","Bày chiếc mặt nạ Spiderman bằng vải có đính họa tiết mắt kim tuyến lấp lánh lên phía trên bộ đồ.","gold_caption (top)","Cinematic Zoom (push_in)","pixelize (0.4s)"
"VID_20260705_095547","scene_006","conclusion","78s - 99s","8s","BỘ PHÓNG TƠ ĐỘC ĐÁO","Đặc biệt nhất là bộ bắn tơ đeo tay siêu thực này, chắc chắn các bé sẽ thích mê cho mà xem.","Lấy bộ launcher bắn tơ bằng nhựa đỏ đen, có sẵn chỉ và bia bắn ra cho người xem nhìn rõ chi tiết.","cta_red (top)","Fast Motion (pulse)","fade (0.3s)"
"VID_20260710_202451","scene_004","body","17.5s - 22s","4.5s","CỦ SẠC CHẤT LƯỢNG","Sản phẩm chính đây rồi, trông chất lượng quá!","Củ sạc màu đen được lấy ra và xoay để hiển thị","hook_bold (top)","Cinematic Zoom (push_in)","pixelize (0.2s)"
"VID_20260710_202451","scene_001","hook","1.8s - 5.5s","3.7s","KHUI HỘP BÍ ẨN!","Hộp quà bí ẩn này có gì bên trong nhỉ?","Đôi tay rạch gói hàng màu xanh lá cây","hook_bold (top)","Flash (snap)","wipe_right (0.3s)"
"VID_20260710_202451","scene_002","body","5.5s - 11.5s","6s","ĐÓNG GÓI CẨN THẬN","Đóng gói kỹ lưỡng thế này thì an tâm rồi!","Gỡ lớp bong bóng chống sốc khỏi sản phẩm","framed_card (top)","Satisfying Timewarp (push_in)","slide_up (0.4s)"
"VID_20260710_202451","scene_003","body","11.5s - 17.5s","6s","HỘP SẢN PHẨM TINH TẾ","Wow, một chiếc hộp trắng tinh tế!","Hộp sản phẩm màu trắng được lấy ra và mở nắp","neon_glow (top)","Epic Reveal (push_in)","circle_open (0.35s)"
"VID_20260710_202451","scene_004","body","17.5s - 22s","4.5s","CỦ SẠC CHẤT LƯỢNG","Sản phẩm chính đây rồi, trông chất lượng quá!","Củ sạc màu đen được lấy ra và xoay để hiển thị","gold_caption (top)","Cinematic Zoom (push_in)","pixelize (0.2s)"
"VID_20260710_202451","scene_005","conclusion","22s - 29s","7s","KẾT NỐI ĐƠN GIẢN","Kết nối đơn giản, tiện lợi vô cùng!","Lắp dây nguồn vào củ sạc, hoàn thiện bộ sạc","cta_red (top)","Smooth Transition (static)","fade (0.5s)"
"VID_20260710_202451","scene_004","body","17.5s - 22s","4.5s","CỦ SẠC CHẤT LƯỢNG","Sản phẩm chính đây rồi, trông chất lượng quá!","Củ sạc màu đen được lấy ra và xoay để hiển thị","hook_bold (top)","Cinematic Zoom (push_in)","pixelize (0.2s)"
"VID_20260710_202451","scene_001","hook","1.8s - 5.5s","3.7s","KHUI HỘP BÍ ẨN!","Hộp quà bí ẩn này có gì bên trong nhỉ?","Đôi tay rạch gói hàng màu xanh lá cây","hook_bold (top)","Flash (snap)","wipe_right (0.3s)"
"VID_20260710_202451","scene_002","body","5.5s - 11.5s","6s","ĐÓNG GÓI CẨN THẬN","Đóng gói kỹ lưỡng thế này thì an tâm rồi!","Gỡ lớp bong bóng chống sốc khỏi sản phẩm","framed_card (top)","Satisfying Timewarp (push_in)","slide_up (0.4s)"
"VID_20260710_202451","scene_003","body","11.5s - 17.5s","6s","HỘP SẢN PHẨM TINH TẾ","Wow, một chiếc hộp trắng tinh tế!","Hộp sản phẩm màu trắng được lấy ra và mở nắp","neon_glow (top)","Epic Reveal (push_in)","circle_open (0.35s)"
"VID_20260710_202451","scene_004","body","17.5s - 22s","4.5s","CỦ SẠC CHẤT LƯỢNG","Sản phẩm chính đây rồi, trông chất lượng quá!","Củ sạc màu đen được lấy ra và xoay để hiển thị","gold_caption (top)","Cinematic Zoom (push_in)","pixelize (0.2s)"
"VID_20260710_202451","scene_005","conclusion","22s - 29s","7s","KẾT NỐI ĐƠN GIẢN","Kết nối đơn giản, tiện lợi vô cùng!","Lắp dây nguồn vào củ sạc, hoàn thiện bộ sạc","cta_red (top)","Smooth Transition (static)","fade (0.5s)"
"VID_20260710_202923","scene_001","hook","31s - 36s","5s","ỦA HỘP BÓNG ĐÈN MÀ BÊN TRONG LÀ...","Ủa mua hộp bóng đèn led mà sao bên trong lạ vậy nè mọi người ơi?","Tay lôi các bọc nhựa Thùy Dung ra khỏi hộp giấy MPE","hook_bold (top)","Epic Reveal (push_in)","wipe_left (0.3s)"
"VID_20260710_202923","scene_002","body","44s - 47s","3s","HÓA RA LÀ SET PHỤ KIỆN ĐIỆN SIÊU XỊN","Hóa ra là set phụ kiện nhựa điện cao cấp của Thùy Dung nha.","Cận cảnh gói nhựa Thùy Dung số 5 trên tay","framed_card (top)","Zoom In (static)","slide_up (0.3s)"
"VID_20260710_202923","scene_003","body","51s - 54s","3s","NHỰA TRẮNG DẺO DAI SIÊU BỀN","Nhìn chất nhựa trắng tinh, dẻo dai sờ cực kỳ sướng tay luôn.","Lắc lắc gói nhựa Thùy Dung số 6 trước ống kính","neon_glow (top)","Shake (pulse)","circle_open (0.4s)"
"VID_20260710_202923","scene_004","conclusion","56s - 61s","5s","BẤM NÚT TÁCH TÁCH SIÊU ĐÃ TIẾNG","Còn có thêm chiếc công tắc mini bấm tách tách siêu nhạy siêu đã tai nữa nè!","Tay bấm liên tục vào công tắc trắng Thùy Dung","gold_caption (top)","Satisfying Timewarp (push_in)","fade (0.3s)"
"VID_20260711_105406","scene_007","conclusion","122s - 131.16s","5s","LÀM BỮA SÁNG TIỆN LỢI TẠI NHÀ","Có em này trong bếp thì tha hồ tự tay chuẩn bị bữa sáng thơm ngon chỉ trong vài phút.","Xếp các bộ khuôn bánh kế bên chiếc máy Elmich xinh xắn","hook_bold (top)","Cinematic Zoom (push_out)","fade (0.5s)"
"VID_20260711_105406","scene_001","hook","0s - 15s","4s","ĐẬP HỘP CHIẾC MÁY LÀM BÁNH CỰC HOT","Hôm nay cùng mình đập hộp chiếc máy làm bánh siêu hot hit này nhé.","Cắt băng keo khui thùng carton lớn bên ngoài","hook_bold (top)","Fast Motion (push_in)","fade (0.3s)"
"VID_20260711_105406","scene_003","body","53s - 73s","5s","HỘP ĐỰNG SANG XỊN MỊN","Nhìn chiếc hộp đóng gói xịn sò thế này là biết hàng chính hãng rồi.","Chiếc hộp sản phẩm Elmich màu xanh lá lộ diện","gold_caption (top)","Epic Reveal (push_in)","wipe_right (0.3s)"
"VID_20260711_105406","scene_004","body","73s - 95s","6s","ĐI KÈM NHIỀU KHUÔN THAY THẾ CHỐNG DÍNH","Sản phẩm được tặng kèm các khay nướng khác nhau để tha hồ thay đổi thực đơn.","Lấy các khay nướng waffle và bánh kẹp ra khỏi hộp","neon_glow (top)","Zoom In (push_in)","fade (0.4s)"
"VID_20260711_105406","scene_005","body","95s - 109s","5s","THIẾT KẾ MÀU XANH MINT CỰC XINH","Và đây là nhân vật chính của chúng ta, tông màu xanh mint ngọt ngào cực kỳ nịnh mắt.","Nhấc chiếc máy kẹp bánh màu xanh bạc hà ra khỏi túi nilon","hook_bold (top)","Epic Reveal (push_in)","slide_up (0.3s)"
"VID_20260711_105406","scene_006","body","109s - 122s","6s","KHUÔN CHỐNG DÍNH DỄ THÁO RỜI","Bên trong lắp sẵn khuôn làm waffle, chốt bấm tháo lắp cực kỳ nhẹ nhàng và tiện lợi.","Mở nắp máy ra, chỉ tay vào lẫy tháo khuôn kim loại","framed_card (top)","Zoom In (push_in)","fade (0.4s)"
"VID_20260711_105406","scene_007","conclusion","122s - 131.16s","5s","LÀM BỮA SÁNG TIỆN LỢI TẠI NHÀ","Có em này trong bếp thì tha hồ tự tay chuẩn bị bữa sáng thơm ngon chỉ trong vài phút.","Xếp các bộ khuôn bánh kế bên chiếc máy Elmich xinh xắn","cta_red (top)","Cinematic Zoom (push_out)","fade (0.5s)"
"VID_20260711_105406","scene_007","conclusion","122s - 131.16s","5s","LÀM BỮA SÁNG TIỆN LỢI TẠI NHÀ","Có em này trong bếp thì tha hồ tự tay chuẩn bị bữa sáng thơm ngon chỉ trong vài phút.","Xếp các bộ khuôn bánh kế bên chiếc máy Elmich xinh xắn","hook_bold (top)","Cinematic Zoom (push_out)","fade (0.5s)"
"VID_20260711_105406","scene_001","hook","0s - 15s","4s","ĐẬP HỘP CHIẾC MÁY LÀM BÁNH CỰC HOT","Hôm nay cùng mình đập hộp chiếc máy làm bánh siêu hot hit này nhé.","Cắt băng keo khui thùng carton lớn bên ngoài","hook_bold (top)","Fast Motion (push_in)","fade (0.3s)"
"VID_20260711_105406","scene_003","body","53s - 73s","5s","HỘP ĐỰNG SANG XỊN MỊN","Nhìn chiếc hộp đóng gói xịn sò thế này là biết hàng chính hãng rồi.","Chiếc hộp sản phẩm Elmich màu xanh lá lộ diện","gold_caption (top)","Epic Reveal (push_in)","wipe_right (0.3s)"
"VID_20260711_105406","scene_004","body","73s - 95s","6s","ĐI KÈM NHIỀU KHUÔN THAY THẾ CHỐNG DÍNH","Sản phẩm được tặng kèm các khay nướng khác nhau để tha hồ thay đổi thực đơn.","Lấy các khay nướng waffle và bánh kẹp ra khỏi hộp","neon_glow (top)","Zoom In (push_in)","fade (0.4s)"
"VID_20260711_105406","scene_005","body","95s - 109s","5s","THIẾT KẾ MÀU XANH MINT CỰC XINH","Và đây là nhân vật chính của chúng ta, tông màu xanh mint ngọt ngào cực kỳ nịnh mắt.","Nhấc chiếc máy kẹp bánh màu xanh bạc hà ra khỏi túi nilon","hook_bold (top)","Epic Reveal (push_in)","slide_up (0.3s)"
"VID_20260711_105406","scene_006","body","109s - 122s","6s","KHUÔN CHỐNG DÍNH DỄ THÁO RỜI","Bên trong lắp sẵn khuôn làm waffle, chốt bấm tháo lắp cực kỳ nhẹ nhàng và tiện lợi.","Mở nắp máy ra, chỉ tay vào lẫy tháo khuôn kim loại","framed_card (top)","Zoom In (push_in)","fade (0.4s)"
"VID_20260711_105406","scene_007","conclusion","122s - 131.16s","5s","LÀM BỮA SÁNG TIỆN LỢI TẠI NHÀ","Có em này trong bếp thì tha hồ tự tay chuẩn bị bữa sáng thơm ngon chỉ trong vài phút.","Xếp các bộ khuôn bánh kế bên chiếc máy Elmich xinh xắn","cta_red (top)","Cinematic Zoom (push_out)","fade (0.5s)"
"VID_20260711_105406","scene_007","conclusion","122s - 131.16s","5s","LÀM BỮA SÁNG TIỆN LỢI TẠI NHÀ","Có em này trong bếp thì tha hồ tự tay chuẩn bị bữa sáng thơm ngon chỉ trong vài phút.","Xếp các bộ khuôn bánh kế bên chiếc máy Elmich xinh xắn","hook_bold (top)","Cinematic Zoom (push_out)","fade (0.5s)"
"VID_20260711_105406","scene_001","hook","0s - 15s","4s","ĐẬP HỘP CHIẾC MÁY LÀM BÁNH CỰC HOT","Hôm nay cùng mình đập hộp chiếc máy làm bánh siêu hot hit này nhé.","Cắt băng keo khui thùng carton lớn bên ngoài","hook_bold (top)","Fast Motion (push_in)","fade (0.3s)"
"VID_20260711_105406","scene_003","body","53s - 73s","5s","HỘP ĐỰNG SANG XỊN MỊN","Nhìn chiếc hộp đóng gói xịn sò thế này là biết hàng chính hãng rồi.","Chiếc hộp sản phẩm Elmich màu xanh lá lộ diện","gold_caption (top)","Epic Reveal (push_in)","wipe_right (0.3s)"
"VID_20260711_105406","scene_004","body","73s - 95s","6s","ĐI KÈM NHIỀU KHUÔN THAY THẾ CHỐNG DÍNH","Sản phẩm được tặng kèm các khay nướng khác nhau để tha hồ thay đổi thực đơn.","Lấy các khay nướng waffle và bánh kẹp ra khỏi hộp","neon_glow (top)","Zoom In (push_in)","fade (0.4s)"
"VID_20260711_105406","scene_005","body","95s - 109s","5s","THIẾT KẾ MÀU XANH MINT CỰC XINH","Và đây là nhân vật chính của chúng ta, tông màu xanh mint ngọt ngào cực kỳ nịnh mắt.","Nhấc chiếc máy kẹp bánh màu xanh bạc hà ra khỏi túi nilon","hook_bold (top)","Epic Reveal (push_in)","slide_up (0.3s)"
"VID_20260711_105406","scene_006","body","109s - 122s","6s","KHUÔN CHỐNG DÍNH DỄ THÁO RỜI","Bên trong lắp sẵn khuôn làm waffle, chốt bấm tháo lắp cực kỳ nhẹ nhàng và tiện lợi.","Mở nắp máy ra, chỉ tay vào lẫy tháo khuôn kim loại","framed_card (top)","Zoom In (push_in)","fade (0.4s)"
"VID_20260711_105406","scene_007","conclusion","122s - 131.16s","5s","LÀM BỮA SÁNG TIỆN LỢI TẠI NHÀ","Có em này trong bếp thì tha hồ tự tay chuẩn bị bữa sáng thơm ngon chỉ trong vài phút.","Xếp các bộ khuôn bánh kế bên chiếc máy Elmich xinh xắn","cta_red (top)","Cinematic Zoom (push_out)","fade (0.5s)"
"VID_20260712_101525","scene_001","hook","22s - 26.5s","4.5s","SIÊU PHẨM BĂNG KEO Y TẾ CHỐNG THẤM!","Hé lộ cuộn băng keo y tế chống thấm nước siêu dai siêu dính đây rồi!","Sản phẩm hộp xanh lá được bóc ra từ túi chống sốc","hook_bold (top)","Epic Reveal (push_in)","wipe_left (0.3s)"
"VID_20260712_101525","scene_002","body","38s - 43s","5s","MÀNG TRONG SUỐT SIÊU BÁM DÍNH","Thiết kế màng trong suốt bám dính cực tốt, bảo vệ vết thương tuyệt đối.","Mở hộp giấy lấy ra cuộn băng keo lớn trong suốt","framed_card (top)","Zoom In (push_in)","slide_up (0.3s)"
"VID_20260712_101525","scene_003","body","44s - 52s","8s","ĐƯỜNG KẺ Ô CẮT DỄ DÀNG","Có sẵn các đường kẻ ô để dễ dàng cắt theo mọi kích thước siêu tiện lợi.","Xoay cuộn băng keo trên tay, zoom cận cảnh các ô vuông nhỏ đều nhau","neon_glow (top)","Cinematic Zoom (drift)","circle_open (0.4s)"
"VID_20260712_101525","scene_004","conclusion","54s - 58s","4s","PHẢI CÓ TRONG TỦ THUỐC!","Món đồ không thể thiếu trong tủ thuốc gia đình nha mọi người!","Cất cuộn băng keo vào hộp và gập nắp lại gọn gàng","cta_red (top)","Flash (pulse)","fade (0.3s)"
"VID_20260712_101525","scene_001","hook","22s - 26.5s","4.5s","SIÊU PHẨM BĂNG KEO Y TẾ CHỐNG THẤM!","Hé lộ cuộn băng keo y tế chống thấm nước siêu dai siêu dính đây rồi!","Sản phẩm hộp xanh lá được bóc ra từ túi chống sốc","hook_bold (top)","Epic Reveal (push_in)","wipe_left (0.3s)"
"VID_20260712_101525","scene_002","body","38s - 43s","5s","MÀNG TRONG SUỐT SIÊU BÁM DÍNH","Thiết kế màng trong suốt bám dính cực tốt, bảo vệ vết thương tuyệt đối.","Mở hộp giấy lấy ra cuộn băng keo lớn trong suốt","framed_card (top)","Zoom In (push_in)","slide_up (0.3s)"
"VID_20260712_101525","scene_003","body","44s - 52s","8s","ĐƯỜNG KẺ Ô CẮT DỄ DÀNG","Có sẵn các đường kẻ ô để dễ dàng cắt theo mọi kích thước siêu tiện lợi.","Xoay cuộn băng keo trên tay, zoom cận cảnh các ô vuông nhỏ đều nhau","neon_glow (top)","Cinematic Zoom (drift)","circle_open (0.4s)"
"VID_20260712_101525","scene_004","conclusion","54s - 58s","4s","PHẢI CÓ TRONG TỦ THUỐC!","Món đồ không thể thiếu trong tủ thuốc gia đình nha mọi người!","Cất cuộn băng keo vào hộp và gập nắp lại gọn gàng","cta_red (top)","Flash (pulse)","fade (0.3s)"
"VID_20260712_101652","scene_001","body","0s - 15s","15s","Bóc túi ni lông rác","Cảnh bóc túi nhựa","Tay rọc và xé bao ni lông đen","framed_card (top)","Jump Cuts (static)","none"
"VID_20260712_101652","scene_002","body","15s - 21s","6s","Gỡ lớp xốp nổ","Gỡ chống sốc","Tay gỡ lớp xốp nổ bọc vòi sen","framed_card (top)","Fast Motion (static)","none"
"VID_20260712_101652","scene_003","hook","21s - 27s","6s","Trời ơi cái mặt nó bự dữ vậy!","Trời ơi, cái mặt vòi sen này bự dã dờn luôn!","Kéo vòi sen ra khỏi túi bóng, lộ mặt phun nước siêu to","hook_bold (top)","Epic Reveal (snap)","wipe_left (0.3s)"
"VID_20260712_101652","scene_004","body","27s - 31s","4s","Màu xám xịn đét nguyên khối","Tông màu xám xịn đét, cầm cực kỳ chắc tay nha.","Xoay lật mặt sau vòi sen để khoe thiết kế","gold_caption (top)","Cinematic Zoom (push_in)","slide_up (0.3s)"
"VID_20260712_101652","scene_005","conclusion","31s - 36s","5s","Mặt phun siêu rộng tắm siêu đã!","Mặt phun rộng thế này tắm bao phê luôn anh em ơi!","Đặt vòi sen nằm ngang trên mặt bàn, khoe trọn kiểu dáng","cta_red (top)","Glow (pulse)","fade (0.4s)"
"VID_20260712_101652","scene_003","hook","21s - 27s","6s","Trời ơi cái mặt nó bự dữ vậy!","Trời ơi, cái mặt vòi sen này bự dã dờn luôn!","Kéo vòi sen ra khỏi túi bóng, lộ mặt phun nước siêu to","hook_bold (top)","Epic Reveal (snap)","wipe_left (0.3s)"
"VID_20260712_101652","scene_004","body","27s - 31s","4s","Màu xám xịn đét nguyên khối","Tông màu xám xịn đét, cầm cực kỳ chắc tay nha.","Xoay lật mặt sau vòi sen để khoe thiết kế","gold_caption (top)","Cinematic Zoom (push_in)","slide_up (0.3s)"
"VID_20260712_101652","scene_005","conclusion","31s - 36s","5s","Mặt phun siêu rộng tắm siêu đã!","Mặt phun rộng thế này tắm bao phê luôn anh em ơi!","Đặt vòi sen nằm ngang trên mặt bàn, khoe trọn kiểu dáng","cta_red (top)","Glow (pulse)","fade (0.4s)"
"VID_20260712_151050","scene_000","transition","0s - 9s","1s","","","Cảnh hộp carton trên bàn","framed_card (top)","Fast Motion (static)","none"
"VID_20260712_151050","scene_001","hook","9s - 17s","4s","ĐẬP HỘP SHOE TREE GỖ CAO CẤP","Hôm nay cùng mình đập hộp phụ kiện giữ phom giày tây siêu xịn nhé!","Dùng dao rọc giấy cắt đường băng keo mở thùng carton","hook_bold (top)","Zoom In (push_in)","wipe_left (0.3s)"
"VID_20260712_151050","scene_002","body","27s - 35s","4.5s","ĐÓNG GÓI RẤT CẨN THẬN","Shop đóng gói rất cẩn thận với nhiều lớp xốp chống sốc.","Mở nắp thùng carton lộ ra các bọc chống sốc bên trong","framed_card (top)","Satisfying Timewarp (static)","fade (0.3s)"
"VID_20260712_151050","scene_003","body","55s - 65s","5s","CHẤT LIỆU GỖ THƠM TỰ NHIÊN","Vừa bóc lớp giấy bọc ra là đã thấy mùi gỗ tự nhiên thơm nhẹ rất dễ chịu.","Tháo lớp giấy bọc trắng làm lộ ra chiếc shoe tree bằng gỗ mộc","gold_caption (top)","Epic Reveal (push_in)","slide_up (0.4s)"
"VID_20260712_151050","scene_004","body","65s - 78s","6s","GỖ MÀI NHẴN MỊN VÀ TỈ MỈ","Bề mặt gỗ được mài vô cùng nhẵn mịn, hoàn thiện tỉ mỉ không lo trầy lót giày.","Cận cảnh bàn tay xoay nhẹ cây giữ phom gỗ mịn màng","framed_card (top)","Cinematic Zoom (drift)","wipe_right (0.3s)"
"VID_20260712_151050","scene_005","body","84s - 92s","5.5s","LÒ XO KÉP CO GIÃN LINH HOẠT","Phần khớp lò xo kép mạ kim loại vàng sáng bóng, co giãn đa chiều rất êm.","Tay ấn nén phần lò xo kép nối giữa thân và gót shoe tree","neon_glow (top)","Shake (pulse)","circle_open (0.4s)"
"VID_20260712_151050","scene_006","conclusion","95s - 101s","5s","MÓN ĐỒ KHÔNG THỂ THIẾU CHO GIÀY TÂY","Đúng là món phụ kiện không thể thiếu để giữ form đôi giày tây luôn như mới!","Xếp tất cả các cặp shoe tree gỗ gọn gàng ngay ngắn trên mặt bàn","cta_red (top)","Flash (push_out)","none"
"VID_20260712_151050","scene_006","conclusion","95s - 101s","5s","MÓN ĐỒ KHÔNG THỂ THIẾU CHO GIÀY TÂY","Đúng là món phụ kiện không thể thiếu để giữ form đôi giày tây luôn như mới!","Xếp tất cả các cặp shoe tree gỗ gọn gàng ngay ngắn trên mặt bàn","hook_bold (top)","Flash (push_out)","none"
"VID_20260712_151050","scene_001","hook","9s - 17s","4s","ĐẬP HỘP SHOE TREE GỖ CAO CẤP","Hôm nay cùng mình đập hộp phụ kiện giữ phom giày tây siêu xịn nhé!","Dùng dao rọc giấy cắt đường băng keo mở thùng carton","hook_bold (top)","Zoom In (push_in)","wipe_left (0.3s)"
"VID_20260712_151050","scene_002","body","27s - 35s","4.5s","ĐÓNG GÓI RẤT CẨN THẬN","Shop đóng gói rất cẩn thận với nhiều lớp xốp chống sốc.","Mở nắp thùng carton lộ ra các bọc chống sốc bên trong","framed_card (top)","Satisfying Timewarp (static)","fade (0.3s)"
"VID_20260712_151050","scene_003","body","55s - 65s","5s","CHẤT LIỆU GỖ THƠM TỰ NHIÊN","Vừa bóc lớp giấy bọc ra là đã thấy mùi gỗ tự nhiên thơm nhẹ rất dễ chịu.","Tháo lớp giấy bọc trắng làm lộ ra chiếc shoe tree bằng gỗ mộc","gold_caption (top)","Epic Reveal (push_in)","slide_up (0.4s)"
"VID_20260712_151050","scene_004","body","65s - 78s","6s","GỖ MÀI NHẴN MỊN VÀ TỈ MỈ","Bề mặt gỗ được mài vô cùng nhẵn mịn, hoàn thiện tỉ mỉ không lo trầy lót giày.","Cận cảnh bàn tay xoay nhẹ cây giữ phom gỗ mịn màng","framed_card (top)","Cinematic Zoom (drift)","wipe_right (0.3s)"
"VID_20260712_151050","scene_005","body","84s - 92s","5.5s","LÒ XO KÉP CO GIÃN LINH HOẠT","Phần khớp lò xo kép mạ kim loại vàng sáng bóng, co giãn đa chiều rất êm.","Tay ấn nén phần lò xo kép nối giữa thân và gót shoe tree","neon_glow (top)","Shake (pulse)","circle_open (0.4s)"
"VID_20260712_151050","scene_006","conclusion","95s - 101s","5s","MÓN ĐỒ KHÔNG THỂ THIẾU CHO GIÀY TÂY","Đúng là món phụ kiện không thể thiếu để giữ form đôi giày tây luôn như mới!","Xếp tất cả các cặp shoe tree gỗ gọn gàng ngay ngắn trên mặt bàn","cta_red (top)","Flash (push_out)","none"
"combined_master_1785730317556","scene_001","hook","0s - 3s","3s","Góc nhìn từ phía sau","","Cô gái bước đi quay lưng lại với ống kính","framed_card (top)","Jump Cuts (drift)","fade (0.3s)"
"combined_master_1785730317556","scene_002","hook","3s - 7s","4s","Điểm nhấn đôi dép cực xinh!","Nhìn đôi dép xinh xắn này là thấy mê liền luôn!","Góc máy thấp quay cận đôi dép phối nhiều màu sắc bước đi trên sân gạch","hook_bold (top)","Epic Reveal (snap)","wipe_right (0.3s)"
"combined_master_1785730317556","scene_003","body","7s - 11s","4s","Dáng đầm linen thanh lịch","Chất vải linen thoáng mát thích hợp đi dạo phố hay du lịch.","Cô gái bước đi theo góc ngang, làm nổi bật phom váy xòe nhẹ nhàng","gold_caption (top)","Cinematic Zoom (push_in)","slide_up (0.4s)"
"combined_master_1785730317556","scene_004","conclusion","11s - 16s","5s","Nhẹ nhàng mà đầy cuốn hút","Một set đồ nhẹ nhàng cho ngày nắng đẹp rực rỡ.","Cô gái bước trực diện về phía camera với nụ cười tự tin","neon_glow (top)","Smooth Transition (static)","circle_open (0.4s)"
"combined_master_1785730317556","scene_002","hook","3s - 7s","4s","Điểm nhấn đôi dép cực xinh!","Nhìn đôi dép xinh xắn này là thấy mê liền luôn!","Góc máy thấp quay cận đôi dép phối nhiều màu sắc bước đi trên sân gạch","hook_bold (top)","Epic Reveal (snap)","wipe_right (0.3s)"
"combined_master_1785730317556","scene_003","body","7s - 11s","4s","Dáng đầm linen thanh lịch","Chất vải linen thoáng mát thích hợp đi dạo phố hay du lịch.","Cô gái bước đi theo góc ngang, làm nổi bật phom váy xòe nhẹ nhàng","gold_caption (top)","Cinematic Zoom (push_in)","slide_up (0.4s)"
"combined_master_1785730317556","scene_004","conclusion","11s - 16s","5s","Nhẹ nhàng mà đầy cuốn hút","Một set đồ nhẹ nhàng cho ngày nắng đẹp rực rỡ.","Cô gái bước trực diện về phía camera với nụ cười tự tin","neon_glow (top)","Smooth Transition (static)","circle_open (0.4s)"
"DJI_20260323085451_0008_D_short01","scene_001","hook","4s - 7s","3s","CHUẨN BỊ DỤNG CỤ PHỤC HỒI GIÀY DA","Muốn tự phục hồi giày da tại nhà đẹp như mới thì bước chuẩn bị cực kỳ quan trọng nhé.","Góc quay từ trên xuống thể hiện thao tác đeo găng tay cao su đen chuyên dụng chuẩn bị làm việc","hook_bold (top)","Fast Motion (push_in)","wipe_left (0.3s)"
"DJI_20260323085451_0008_D_short01","scene_002","body","7s - 10s","3s","RÓT MÀU NHUỘM CHUYÊN DỤNG RA KHAY","Đầu tiên mình mở chai màu nhuộm da chuyên dụng và rót một lượng vừa đủ ra khay pha màu.","Cận cảnh bàn tay rót màu nhuộm nâu đen đậm đặc từ chai nhựa nhỏ ra khay pha nhựa chuyên dụng","framed_card (top)","Cinematic Zoom (push_in)","fade (0.3s)"
"DJI_20260323085451_0008_D_short01","scene_003","body","11s - 18s","4s","DÙNG MÚT DÙNG DẦU PHỦ ĐỀU MẶT DA","Dùng miếng xốp nhỏ thấm dung dịch rồi dặm đều lên phần da bị bạc màu của giày.","Cầm đôi giày da nâu cũ và dùng mút xốp thấm sơn đánh nhẹ nhàng lên phần mũi giày","framed_card (top)","Satisfying Timewarp (static)","wipe_right (0.3s)"
"DJI_20260323085451_0008_D_short01","scene_004","body","23s - 33s","5s","NHUỘM TỈ MỈ CÁC ĐƯỜNG MÉP VÀ CỔ GIÀY","Nhớ chú ý các phần viền và cổ giày để màu phủ thật đều và không bị đốm nhé.","Xoay góc giày tỉ mỉ tô dặm màu vào góc gót và thành mép bên trong","framed_card (top)","Speed Up (drift)","slide_up (0.3s)"
"DJI_20260323085451_0008_D_short01","scene_005","conclusion","53s - 58s","3s","KẾT QUẢ ĐẦY BẤT NGỜ CỦA ĐÔI GIÀY DA MỚI","Vậy là đôi giày da cũ đã lấy lại vẻ sáng bóng đẹp mắt như ban đầu rồi.","Cầm đôi giày da đã được nhuộm đều màu lên kiểm tra dưới ánh đèn bàn làm việc","cta_red (top)","Epic Reveal (push_out)","fade (0.4s)"
"DJI_20260323085451_0008_D_short02","scene_001","hook","11s - 14s","3s","QUY TRÌNH NHUỘM VÀ DẶM MÀU GIÀY DA CHUYÊN NGHIỆP","Khôi phục vẻ đẹp tự nhiên của đôi giày da chỉ với kỹ thuật dặm xốp siêu chuẩn này.","Cận cảnh bàn tay mang găng đen dùng mút dặm màu nâu lên mặt giày da.","hook_bold (top)","Zoom In (push_in)","wipe_left (0.3s)"
"DJI_20260323085451_0008_D_short02","scene_002","body","14s - 17s","3s","THOA ĐỀU LỚP MÀU ĐẦU TIÊN BẰNG MÚT XỐP","Đầu tiên, lăn nhẹ mút xốp đều tay để phủ đều lớp màu nền trên bề mặt mũ giày.","Thao tác quết và lăn lớp sơn màu nâu đều lên mũi giày da.","framed_card (top)","Fast Motion (static)","fade (0.3s)"
"DJI_20260323085451_0008_D_short02","scene_003","body","23s - 28s","4s","DẶM TỈ MỈ ĐỂ MÀU THẤM SÂU VÀO VÂN DA","Kiên nhẫn dặm liên tục để các hạt màu đi sâu vào từng vân da, tạo độ mịn tự nhiên.","Góc quay chi tiết tay dặm mút nhẹ nhàng ở cạnh và mép giày.","neon_glow (top)","Satisfying Timewarp (drift)","wipe_right (0.3s)"
"DJI_20260323085451_0008_D_short02","scene_004","conclusion","28s - 33s","4s","HOÀN THIỆN LỚP MÀU HOÀN HẢO CHO GIÀY DA","Và đây là kết quả bề mặt da sau khi dặm hoàn chỉnh, màu sắc đồng đều và bền đẹp.","Nhấc đôi giày da lên kiểm tra bề mặt màu đã được phủ hoàn tất.","gold_caption (top)","Epic Reveal (push_out)","fade (0.4s)"
"DJI_20260323085451_0008_D_short03","scene_004","conclusion","54s - 60s","6s","HOÀN THIỆN ĐÔI GIÀY DA ĐẲNG CẤP","Và đây là thành quả sau khi hoàn thiện. Một đôi giày bóng mịn đẳng cấp dành cho người sành điệu.","Góc nhìn tổng thể đôi giày da nâu đã được đánh bóng hoàn hảo đặt trên bàn làm việc","hook_bold (top)","Epic Reveal (push_out)","none"
"DJI_20260323085451_0008_D_short03","scene_001","hook","35s - 39s","3s","BÍ QUYẾT PHỤC HỒI GIÀY DA CŨ THÀNH MỚI","Bạn có biết bí quyết để một đôi giày da cũ lấy lại vẻ sáng bóng sang trọng nằm ở đâu không?","Góc quay cận cảnh bàn tay đeo găng đen tỉ mỉ chà mút đánh bóng lên phần viền mép giày da nâu","hook_bold (top)","Zoom In (push_in)","wipe_left (0.3s)"
"DJI_20260323085451_0008_D_short03","scene_002","body","39s - 45s","6s","CHĂM CHÚT TỪNG CHI TIẾT VIỀN GIÀY","Đó chính là công đoạn đánh bóng tỉ mỉ từng viền mép và góc cạnh bằng lớp xi dưỡng chuyên dụng.","Thợ thủ công xoay nhẹ chiếc giày và đều tay đánh xi bóng lên mặt bên của giày","framed_card (top)","Satisfying Timewarp (drift)","fade (0.3s)"
"DJI_20260323085451_0008_D_short03","scene_003","body","46s - 53s","7s","PHỦ BÓNG TĂNG ĐỘ BỀN VÀ ĐỘ SÁNG","Lớp xi thẩm thấu sâu giúp da mềm mại hơn, chống thấm nước và lấy lại độ bóng tự nhiên cực kỳ cuốn hút.","Bề mặt da giày bắt đầu phản chiếu ánh đèn mịn màng khi được xoa đều sáp bóng","gold_caption (top)","Glow (push_in)","slide_up (0.4s)"
"DJI_20260323085451_0008_D_short03","scene_004","conclusion","54s - 60s","6s","HOÀN THIỆN ĐÔI GIÀY DA ĐẲNG CẤP","Và đây là thành quả sau khi hoàn thiện. Một đôi giày bóng mịn đẳng cấp dành cho người sành điệu.","Góc nhìn tổng thể đôi giày da nâu đã được đánh bóng hoàn hảo đặt trên bàn làm việc","cta_red (top)","Epic Reveal (push_out)","none"
"VID_20260713_090349","scene_001","hook","0s - 25s","25s","Bỏ qua đoạn rọc thùng rườm rà","","Tay cầm dao rọc giấy cắt băng dính thùng giấy carton khá lâu","hook_bold (top)","Fast Motion (static)","fade (0.3s)"
"VID_20260713_090349","scene_002","hook","26s - 37s","11s","KHOẢNH KHẮC MỞ HỘP BẤT NGỜ","Mở hộp ra bất ngờ chưa, shop còn tặng kèm hẳn mấy gói rong biển nữa nè!","Mở nắp thùng carton lấy các gói rong biển khuyến mãi ra ngoài","hook_bold (top)","Epic Reveal (push_in)","wipe_left (0.3s)"
"VID_20260713_090349","scene_003","transition","38s - 47s","9s","Đoạn bóc xốp bảo vệ","","Dùng dao cắt lớp bong bóng chống xóc bọc xung quanh hai hộp sản phẩm","framed_card (top)","Satisfying Timewarp (static)","fade (0.3s)"
"VID_20260713_090349","scene_004","body","48s - 54s","6s","LINEABON K2+D3 CHÍNH HÃNG","Nhân vật chính đây rồi, bộ đôi LineaBon K2 D3 giúp bé tăng chiều cao vượt trội.","Bóc lớp ni lông lộ ra hai hộp LineaBon K2+D3 bao bì màu xanh xám sắc nét","neon_glow (top)","Glow (snap)","slide_up (0.3s)"
"VID_20260713_090349","scene_005","body","55s - 63s","8s","Mặt sau thông tin sản phẩm","","Xoay mặt sau vỏ hộp hướng vào camera nhưng bị out focus nhòe hình","gold_caption (top)","Zoom In (push_in)","fade (0.3s)"
"VID_20260713_090349","scene_006","body","64s - 72s","8s","TEM CHỐNG HÀNG GIẢ CỰC MÃI","Mọi người nhớ kiểm tra kỹ tem niêm phong và tem chống hàng giả chuẩn đét này nhé!","Cận cảnh hai bàn tay cầm hộp sản phẩm chỉ rõ tem tích điểm và tem chống hàng giả","gold_caption (top)","Cinematic Zoom (push_in)","circle_open (0.4s)"
"VID_20260713_090349","scene_007","conclusion","73s - 78s","5s","ĐẦU TƯ CHO SỨC KHỎE CỦA BÉ","Tranh thủ đang có giá ưu đãi cực tốt, các mẹ chốt ngay cho bé yêu nhà mình nha!","Đặt hai hộp LineaBon song song trên bàn cạnh các gói quà tặng vô cùng chỉn chu","cta_red (top)","Smooth Transition (push_out)","pixelize (0.3s)"
"VID_20260713_090349","scene_006","body","64s - 72s","8s","TEM CHỐNG HÀNG GIẢ CỰC MÃI","Mọi người nhớ kiểm tra kỹ tem niêm phong và tem chống hàng giả chuẩn đét này nhé!","Cận cảnh hai bàn tay cầm hộp sản phẩm chỉ rõ tem tích điểm và tem chống hàng giả","hook_bold (top)","Cinematic Zoom (push_in)","circle_open (0.4s)"
"VID_20260713_090349","scene_002","hook","26s - 37s","11s","KHOẢNH KHẮC MỞ HỘP BẤT NGỜ","Mở hộp ra bất ngờ chưa, shop còn tặng kèm hẳn mấy gói rong biển nữa nè!","Mở nắp thùng carton lấy các gói rong biển khuyến mãi ra ngoài","hook_bold (top)","Epic Reveal (push_in)","wipe_left (0.3s)"
"VID_20260713_090349","scene_004","body","48s - 54s","6s","LINEABON K2+D3 CHÍNH HÃNG","Nhân vật chính đây rồi, bộ đôi LineaBon K2 D3 giúp bé tăng chiều cao vượt trội.","Bóc lớp ni lông lộ ra hai hộp LineaBon K2+D3 bao bì màu xanh xám sắc nét","neon_glow (top)","Glow (snap)","slide_up (0.3s)"
"VID_20260713_090349","scene_006","body","64s - 72s","8s","TEM CHỐNG HÀNG GIẢ CỰC MÃI","Mọi người nhớ kiểm tra kỹ tem niêm phong và tem chống hàng giả chuẩn đét này nhé!","Cận cảnh hai bàn tay cầm hộp sản phẩm chỉ rõ tem tích điểm và tem chống hàng giả","gold_caption (top)","Cinematic Zoom (push_in)","circle_open (0.4s)"
"VID_20260713_090349","scene_007","conclusion","73s - 78s","5s","ĐẦU TƯ CHO SỨC KHỎE CỦA BÉ","Tranh thủ đang có giá ưu đãi cực tốt, các mẹ chốt ngay cho bé yêu nhà mình nha!","Đặt hai hộp LineaBon song song trên bàn cạnh các gói quà tặng vô cùng chỉn chu","cta_red (top)","Smooth Transition (push_out)","pixelize (0.3s)"
"IMG_20251029_200932","scene_001","hook","0s - 3s","3s","","","Cảnh quan sát tĩnh qua lớp kính kính chắn nhìn xuống phố","hook_bold (top)","Smooth Transition (static)","fade (0.3s)"
"IMG_20251029_200932","scene_002","hook","3s - 8s","5s","BUKIT BINTANG KHÔNG NGỦ ĐÊM NAY!","Góc nhìn siêu đỉnh toàn cảnh trung tâm Starhill cực rực rỡ về đêm!","Toàn cảnh góc ngã tư đông đúc dòng người di chuyển quanh đài phun nước phát sáng sắc màu","hook_bold (top)","Epic Reveal (push_in)","wipe_left (0.3s)"
"IMG_20251029_200932","scene_003","body","8s - 15s","7s","ĐÀI PHUN NƯỚC CẦU CỒNG RỰC RỠ","Dòng người qua lại nhộn nhịp hòa cùng ánh đèn lung linh huyền ảo.","Đài phun nước hình nón đổi màu liên tục giữa dòng người qua lại trên vỉa hè","neon_glow (top)","Satisfying Timewarp (drift)","slide_up (0.4s)"
"IMG_20251029_200932","scene_004","body","15s - 22s","7s","KHÔNG KHÍ ĐÊM SÔI ĐỘNG VÔ CÙNG","Một không gian vô cùng sống động thích hợp để ngắm nhìn toàn cảnh phố xá.","Góc quay bao quát từ trên cao bắt trọn toàn bộ quảng trường rộng lớn","framed_card (top)","Cinematic Zoom (push_in)","circle_open (0.3s)"
"IMG_20251029_200932","scene_005","conclusion","22s - 28s","6s","LƯU NGAY CHO CHUYẾN ĐI SẮP TỚI!","Lưu lại ngay tọa độ đỉnh cao này cho hành trình trải nghiệm tiếp theo nhé!","Ánh đèn đêm rực rỡ khép lại khung cảnh phố đêm năng động","cta_red (top)","Glow (pulse)","fade (0.5s)"
"IMG_20251029_200932","scene_002","hook","3s - 8s","5s","BUKIT BINTANG KHÔNG NGỦ ĐÊM NAY!","Góc nhìn siêu đỉnh toàn cảnh trung tâm Starhill cực rực rỡ về đêm!","Toàn cảnh góc ngã tư đông đúc dòng người di chuyển quanh đài phun nước phát sáng sắc màu","hook_bold (top)","Epic Reveal (push_in)","wipe_left (0.3s)"
"IMG_20251029_200932","scene_003","body","8s - 15s","7s","ĐÀI PHUN NƯỚC CẦU CỒNG RỰC RỠ","Dòng người qua lại nhộn nhịp hòa cùng ánh đèn lung linh huyền ảo.","Đài phun nước hình nón đổi màu liên tục giữa dòng người qua lại trên vỉa hè","neon_glow (top)","Satisfying Timewarp (drift)","slide_up (0.4s)"
"IMG_20251029_200932","scene_004","body","15s - 22s","7s","KHÔNG KHÍ ĐÊM SÔI ĐỘNG VÔ CÙNG","Một không gian vô cùng sống động thích hợp để ngắm nhìn toàn cảnh phố xá.","Góc quay bao quát từ trên cao bắt trọn toàn bộ quảng trường rộng lớn","framed_card (top)","Cinematic Zoom (push_in)","circle_open (0.3s)"
"IMG_20251029_200932","scene_005","conclusion","22s - 28s","6s","LƯU NGAY CHO CHUYẾN ĐI SẮP TỚI!","Lưu lại ngay tọa độ đỉnh cao này cho hành trình trải nghiệm tiếp theo nhé!","Ánh đèn đêm rực rỡ khép lại khung cảnh phố đêm năng động","cta_red (top)","Glow (pulse)","fade (0.5s)"
"IMG_20251029_200932","scene_001","hook","0s - 3s","3s","Góc nhìn đêm","Góc quay từ trên cao nè.","Cảnh bị che khuất nhẹ bởi kính phản chiếu không rõ nét","hook_bold (top)","Glow (drift)","fade (0.3s)"
"IMG_20251029_200932","scene_002","hook","3s - 10s","7s","Đêm Bukit Bintang rực rỡ màu sắc!","Khung cảnh đêm siêu ảo diệu ngay trung tâm Kuala Lumpur.","Đài phun nước LED đổi màu ấn tượng cùng quảng trường Starhill","hook_bold (top)","Epic Reveal (push_in)","wipe_left (0.3s)"
"IMG_20251029_200932","scene_003","body","10s - 18s","8s","Nhịp sống về đêm cực kỳ náo nhiệt","Dòng người tấp nập kết hợp cùng hàng ngàn ánh đèn rực rỡ.","Góc quay rộng bao quát người đi bộ qua đường liên tục","neon_glow (top)","Fast Motion (snap)","slide_up (0.3s)"
"IMG_20251029_200932","scene_004","conclusion","18s - 28s","10s","Lưu lại ngay địa điểm đỉnh cao này!","Nhớ ghé thăm nơi này nếu có dịp du lịch Malaysia nhé!","Khung cảnh bao quát kiến trúc Starhill cùng đường phố náo nhiệt","cta_red (top)","Cinematic Zoom (push_out)","fade (0.5s)"
"IMG_20251029_200932","scene_002","hook","3s - 10s","7s","Đêm Bukit Bintang rực rỡ màu sắc!","Khung cảnh đêm siêu ảo diệu ngay trung tâm Kuala Lumpur.","Đài phun nước LED đổi màu ấn tượng cùng quảng trường Starhill","hook_bold (top)","Epic Reveal (push_in)","wipe_left (0.3s)"
"IMG_20251029_200932","scene_003","body","10s - 18s","8s","Nhịp sống về đêm cực kỳ náo nhiệt","Dòng người tấp nập kết hợp cùng hàng ngàn ánh đèn rực rỡ.","Góc quay rộng bao quát người đi bộ qua đường liên tục","neon_glow (top)","Fast Motion (snap)","slide_up (0.3s)"
"IMG_20251029_200932","scene_004","conclusion","18s - 28s","10s","Lưu lại ngay địa điểm đỉnh cao này!","Nhớ ghé thăm nơi này nếu có dịp du lịch Malaysia nhé!","Khung cảnh bao quát kiến trúc Starhill cùng đường phố náo nhiệt","cta_red (top)","Cinematic Zoom (push_out)","fade (0.5s)"
"IMG_20251029_200932","scene_002","hook","3s - 10s","7s","Đêm Bukit Bintang rực rỡ màu sắc!","Khung cảnh đêm siêu ảo diệu ngay trung tâm Kuala Lumpur.","Đài phun nước LED đổi màu ấn tượng cùng quảng trường Starhill","hook_bold (top)","Epic Reveal (push_in)","wipe_left (0.3s)"
"IMG_20251029_200932","scene_003","body","10s - 18s","8s","Nhịp sống về đêm cực kỳ náo nhiệt","Dòng người tấp nập kết hợp cùng hàng ngàn ánh đèn rực rỡ.","Góc quay rộng bao quát người đi bộ qua đường liên tục","neon_glow (top)","Fast Motion (snap)","slide_up (0.3s)"
"IMG_20251029_200932","scene_004","conclusion","18s - 28s","10s","Lưu lại ngay địa điểm đỉnh cao này!","Nhớ ghé thăm nơi này nếu có dịp du lịch Malaysia nhé!","Khung cảnh bao quát kiến trúc Starhill cùng đường phố náo nhiệt","cta_red (top)","Cinematic Zoom (push_out)","fade (0.5s)"
"IMG_20251029_200932","scene_002","hook","3s - 10s","7s","Đêm Bukit Bintang rực rỡ màu sắc!","Khung cảnh đêm siêu ảo diệu ngay trung tâm Kuala Lumpur.","Đài phun nước LED đổi màu ấn tượng cùng quảng trường Starhill","hook_bold (top)","Epic Reveal (push_in)","wipe_left (0.3s)"
"IMG_20251029_200932","scene_003","body","10s - 18s","8s","Nhịp sống về đêm cực kỳ náo nhiệt","Dòng người tấp nập kết hợp cùng hàng ngàn ánh đèn rực rỡ.","Góc quay rộng bao quát người đi bộ qua đường liên tục","neon_glow (top)","Fast Motion (snap)","slide_up (0.3s)"
"IMG_20251029_200932","scene_004","conclusion","18s - 28s","10s","Lưu lại ngay địa điểm đỉnh cao này!","Nhớ ghé thăm nơi này nếu có dịp du lịch Malaysia nhé!","Khung cảnh bao quát kiến trúc Starhill cùng đường phố náo nhiệt","cta_red (top)","Cinematic Zoom (push_out)","fade (0.5s)"
"IMG_20251029_200932","scene_002","hook","3s - 10s","7s","Đêm Bukit Bintang rực rỡ màu sắc!","Khung cảnh đêm siêu ảo diệu ngay trung tâm Kuala Lumpur.","Đài phun nước LED đổi màu ấn tượng cùng quảng trường Starhill","hook_bold (top)","Epic Reveal (push_in)","wipe_left (0.3s)"
"IMG_20251029_200932","scene_003","body","10s - 18s","8s","Nhịp sống về đêm cực kỳ náo nhiệt","Dòng người tấp nập kết hợp cùng hàng ngàn ánh đèn rực rỡ.","Góc quay rộng bao quát người đi bộ qua đường liên tục","neon_glow (top)","Fast Motion (snap)","slide_up (0.3s)"
"IMG_20251029_200932","scene_004","conclusion","18s - 28s","10s","Lưu lại ngay địa điểm đỉnh cao này!","Nhớ ghé thăm nơi này nếu có dịp du lịch Malaysia nhé!","Khung cảnh bao quát kiến trúc Starhill cùng đường phố náo nhiệt","cta_red (top)","Cinematic Zoom (push_out)","fade (0.5s)"
"IMG_20251029_200932","scene_002","hook","3s - 10s","7s","Đêm Bukit Bintang rực rỡ màu sắc!","Khung cảnh đêm siêu ảo diệu ngay trung tâm Kuala Lumpur.","Đài phun nước LED đổi màu ấn tượng cùng quảng trường Starhill","hook_bold (top)","Epic Reveal (push_in)","wipe_left (0.3s)"
"IMG_20251029_200932","scene_003","body","10s - 18s","8s","Nhịp sống về đêm cực kỳ náo nhiệt","Dòng người tấp nập kết hợp cùng hàng ngàn ánh đèn rực rỡ.","Góc quay rộng bao quát người đi bộ qua đường liên tục","neon_glow (top)","Fast Motion (snap)","slide_up (0.3s)"
"IMG_20251029_200932","scene_004","conclusion","18s - 28s","10s","Lưu lại ngay địa điểm đỉnh cao này!","Nhớ ghé thăm nơi này nếu có dịp du lịch Malaysia nhé!","Khung cảnh bao quát kiến trúc Starhill cùng đường phố náo nhiệt","cta_red (top)","Cinematic Zoom (push_out)","fade (0.5s)"
"IMG_20251029_200932","scene_001","hook","0s - 3s","3s","Thành phố lên đèn...","","Góc quay tĩnh nhìn qua cửa kính xuống đại lộ","framed_card (top)","Cinematic Zoom (drift)","fade (0.3s)"
"IMG_20251029_200932","scene_002","hook","3s - 8s","5s","GÓC NHÌN ĐÊM SIÊU DỰC RỠ!","Nhìn từ trên cao xuống góc này đỉnh thực sự luôn mọi người ơi!","Đài phun nước phát sáng chuyển màu rực rỡ thu hút ánh nhìn","hook_bold (top)","Epic Reveal (push_in)","wipe_left (0.3s)"
"IMG_20251029_200932","scene_003","body","8s - 16s","8s","Không khí nhộn nhịp về đêm","Dòng người qua lại nhộn nhịp cùng ánh đèn kiến trúc Starhill cực ấn tượng.","Ống kính lia sang trái quét qua tòa nhà kiến trúc góc cạnh Starhill","neon_glow (top)","Glow (snap)","slide_up (0.35s)"
"IMG_20251029_200932","scene_004","body","16s - 22s","6s","Trải nghiệm không thể bỏ qua","Cảm giác ngắm nhìn dòng xe và người qua lại từ vị trí này rất chill.","Góc máy di chuyển trở lại trung tâm vạch sang đường và biểu tượng cầu vồng","gold_caption (top)","Satisfying Timewarp (overshoot)","circle_open (0.4s)"
"IMG_20251029_200932","scene_005","conclusion","22s - 28s","6s","Lưu lại khoảnh khắc tuyệt đẹp này!","Một góc quay trọn vẹn vẻ đẹp lung linh đêm nay.","Toàn cảnh góc rộng giữ nhịp ngắm nhìn thành phố rực sáng","cta_red (top)","Smooth Transition (push_out)","pixelize (0.5s)"
"IMG_20251029_200932","scene_002","hook","3s - 8s","5s","GÓC NHÌN ĐÊM SIÊU DỰC RỠ!","Nhìn từ trên cao xuống góc này đỉnh thực sự luôn mọi người ơi!","Đài phun nước phát sáng chuyển màu rực rỡ thu hút ánh nhìn","hook_bold (top)","Epic Reveal (push_in)","wipe_left (0.3s)"
"IMG_20251029_200932","scene_003","body","8s - 16s","8s","Không khí nhộn nhịp về đêm","Dòng người qua lại nhộn nhịp cùng ánh đèn kiến trúc Starhill cực ấn tượng.","Ống kính lia sang trái quét qua tòa nhà kiến trúc góc cạnh Starhill","neon_glow (top)","Glow (snap)","slide_up (0.35s)"
"IMG_20251029_200932","scene_004","body","16s - 22s","6s","Trải nghiệm không thể bỏ qua","Cảm giác ngắm nhìn dòng xe và người qua lại từ vị trí này rất chill.","Góc máy di chuyển trở lại trung tâm vạch sang đường và biểu tượng cầu vồng","gold_caption (top)","Satisfying Timewarp (overshoot)","circle_open (0.4s)"
"IMG_20251029_200932","scene_005","conclusion","22s - 28s","6s","Lưu lại khoảnh khắc tuyệt đẹp này!","Một góc quay trọn vẹn vẻ đẹp lung linh đêm nay.","Toàn cảnh góc rộng giữ nhịp ngắm nhìn thành phố rực sáng","cta_red (top)","Smooth Transition (push_out)","pixelize (0.5s)"
"VID_20260719_175514","scene_001","hook","58s - 66s","5s","ĐẬP HỘP BỘ VÒI SEN INOX SIÊU SÁNG BÓNG","Hôm nay cùng mình đập hộp bộ vòi sen tắm bằng inox siêu sáng bóng này xem có gì nhé.","Rút vòi sen inox sáng bóng từ túi vải trắng ra trước ống kính","hook_bold (top)","Epic Reveal (push_in)","fade (0.3s)"
"VID_20260719_175514","scene_002","body","0s - 18s","2s","MỞ HỘP BƯU PHẨM","","Tay cầm dao rọc giấy cắt băng keo thùng carton","framed_card (top)","Speed Up (static)","fade (0.2s)"
"VID_20260719_175514","scene_003","body","60s - 66s","7s","CỦ SEN BẰNG INOX NGUYÊN KHỐI DÀY DẶN","Củ sen cầm cực kỳ đằm tay, phần cơ quan điều chỉnh gia công tỉ mỉ và bề mặt phản chiếu như gương.","Cận cảnh củ sen inox xoay các góc thể hiện độ đằm và sắc nét","framed_card (top)","Glow (drift)","wipe_right (0.3s)"
"VID_20260719_175514","scene_004","body","70s - 79s","7s","BÁT SEN TĂNG ÁP MẶT INOX LỖ SIÊU MỊN","Đi kèm là bát sen tăng áp bằng inox với mặt phun thiết kế các lỗ nhỏ li ti giúp tia nước ra cực mạnh mà vẫn êm ái.","Mở bọc xốp giơ bát sen tròn inox lên khoe mặt lỗ phun nước","framed_card (top)","Zoom In (push_in)","slide_up (0.3s)"
"VID_20260719_175514","scene_005","body","30s - 36s","5s","DÂY DẪN INOX 150CM CHỐNG XOẮN","Dây dẫn nước dài một mét rưỡi được bọc inox mắt xích chống xoắn gập hiệu quả.","Cầm cuộn dây dẫn inox còn trong bao bì giơ lên xem","framed_card (top)","Smooth Transition (static)","fade (0.3s)"
"VID_20260719_175514","scene_006","conclusion","84s - 92s","6s","TRỌN BỘ PHỤ KIỆN TIỆN LỢI LẮP ĐẶT","Trọn bộ đã bao gồm đầy đủ phụ kiện, rất dễ thay thế để làm mới không gian phòng tắm gia đình bạn.","Xếp tất cả các linh kiện bát sen, củ sen, dây dẫn gọn gàng trên bàn cắt","gold_caption (top)","Cinematic Zoom (push_out)","fade (0.4s)"
"VID_20260719_175514","scene_001","hook","58s - 66s","5s","ĐẬP HỘP BỘ VÒI SEN INOX SIÊU SÁNG BÓNG","Hôm nay cùng mình đập hộp bộ vòi sen tắm bằng inox siêu sáng bóng này xem có gì nhé.","Rút vòi sen inox sáng bóng từ túi vải trắng ra trước ống kính","hook_bold (top)","Epic Reveal (push_in)","fade (0.3s)"
"VID_20260719_175514","scene_003","body","60s - 66s","7s","CỦ SEN BẰNG INOX NGUYÊN KHỐI DÀY DẶN","Củ sen cầm cực kỳ đằm tay, phần cơ quan điều chỉnh gia công tỉ mỉ và bề mặt phản chiếu như gương.","Cận cảnh củ sen inox xoay các góc thể hiện độ đằm và sắc nét","framed_card (top)","Glow (drift)","wipe_right (0.3s)"
"VID_20260719_175514","scene_004","body","70s - 79s","7s","BÁT SEN TĂNG ÁP MẶT INOX LỖ SIÊU MỊN","Đi kèm là bát sen tăng áp bằng inox với mặt phun thiết kế các lỗ nhỏ li ti giúp tia nước ra cực mạnh mà vẫn êm ái.","Mở bọc xốp giơ bát sen tròn inox lên khoe mặt lỗ phun nước","framed_card (top)","Zoom In (push_in)","slide_up (0.3s)"
"VID_20260719_175514","scene_005","body","30s - 36s","5s","DÂY DẪN INOX 150CM CHỐNG XOẮN","Dây dẫn nước dài một mét rưỡi được bọc inox mắt xích chống xoắn gập hiệu quả.","Cầm cuộn dây dẫn inox còn trong bao bì giơ lên xem","framed_card (top)","Smooth Transition (static)","fade (0.3s)"
"VID_20260719_175514","scene_006","conclusion","84s - 92s","6s","TRỌN BỘ PHỤ KIỆN TIỆN LỢI LẮP ĐẶT","Trọn bộ đã bao gồm đầy đủ phụ kiện, rất dễ thay thế để làm mới không gian phòng tắm gia đình bạn.","Xếp tất cả các linh kiện bát sen, củ sen, dây dẫn gọn gàng trên bàn cắt","gold_caption (top)","Cinematic Zoom (push_out)","fade (0.4s)"
"IMG_20251029_200932","scene_000","hook","0s - 3s","3s","","","Góc quay tĩnh mở đầu chưa tối ưu nhịp độ","hook_bold (top)","Static Intro Pass (static)","fade (0.2s)"
"IMG_20251029_200932","scene_001","hook","3s - 8s","5s","NIGHTLIFE THÀNH PHỐ SIÊU LUNG LINH","Góc quay từ trên cao ngắm toàn cảnh thành phố về đêm cực đỉnh luôn mọi người ơi.","Camera pan nhẹ toàn cảnh trung tâm thương mại Starhill rực rỡ ánh đèn.","hook_bold (top)","Cinematic City Reveal (drift)","wipe_left (0.3s)"
"IMG_20251029_200932","scene_002","body","8s - 15s","7s","ĐÀI PHUN NƯỚC ĐỔI MÀU CỰC ẢO","Điểm nhấn chính là đài phun nước đổi màu lung linh ngay giữa trung tâm.","Đài phun nước hình nón phát sáng LED màu sắc rực rỡ thu hút ánh nhìn.","neon_glow (top)","Neon Color Pulse (push_in)","slide_up (0.3s)"
"IMG_20251029_200932","scene_003","body","15s - 22s","7s","KHÔNG KHÍ TẬP NẬP SẦM UẤT","Dòng người qua lại đông đúc tạo nên bầu không khí vô cùng náo nhiệt.","Khung cảnh người đi bộ nhộn nhịp xung quanh giao lộ đêm rực rỡ.","framed_card (top)","Urban Flow Energy (pulse)","circle_open (0.4s)"
"IMG_20251029_200932","scene_004","conclusion","22s - 28s","6s","LƯU LẠI ĐỂ CHECK-IN NGAY NHÉ","Nếu có dịp đến đây nhất định bạn phải dừng chân check-in tọa độ cực hot này nhé.","Góc quay bao quát toàn bộ phố đêm và đài phun nước lung linh kết thúc video.","cta_red (top)","Outro Flare Focus (push_out)","fade (0.5s)"
"IMG_20251029_200932","scene_001","hook","3s - 8s","5s","NIGHTLIFE THÀNH PHỐ SIÊU LUNG LINH","Góc quay từ trên cao ngắm toàn cảnh thành phố về đêm cực đỉnh luôn mọi người ơi.","Camera pan nhẹ toàn cảnh trung tâm thương mại Starhill rực rỡ ánh đèn.","hook_bold (top)","Cinematic City Reveal (drift)","wipe_left (0.3s)"
"IMG_20251029_200932","scene_002","body","8s - 15s","7s","ĐÀI PHUN NƯỚC ĐỔI MÀU CỰC ẢO","Điểm nhấn chính là đài phun nước đổi màu lung linh ngay giữa trung tâm.","Đài phun nước hình nón phát sáng LED màu sắc rực rỡ thu hút ánh nhìn.","neon_glow (top)","Neon Color Pulse (push_in)","slide_up (0.3s)"
"IMG_20251029_200932","scene_003","body","15s - 22s","7s","KHÔNG KHÍ TẬP NẬP SẦM UẤT","Dòng người qua lại đông đúc tạo nên bầu không khí vô cùng náo nhiệt.","Khung cảnh người đi bộ nhộn nhịp xung quanh giao lộ đêm rực rỡ.","framed_card (top)","Urban Flow Energy (pulse)","circle_open (0.4s)"
"IMG_20251029_200932","scene_004","conclusion","22s - 28s","6s","LƯU LẠI ĐỂ CHECK-IN NGAY NHÉ","Nếu có dịp đến đây nhất định bạn phải dừng chân check-in tọa độ cực hot này nhé.","Góc quay bao quát toàn bộ phố đêm và đài phun nước lung linh kết thúc video.","cta_red (top)","Outro Flare Focus (push_out)","fade (0.5s)"
"IMG_20251029_200932","scene_001","hook","3s - 8s","5s","NIGHTLIFE THÀNH PHỐ SIÊU LUNG LINH","Góc quay từ trên cao ngắm toàn cảnh thành phố về đêm cực đỉnh luôn mọi người ơi.","Camera pan nhẹ toàn cảnh trung tâm thương mại Starhill rực rỡ ánh đèn.","hook_bold (top)","Cinematic City Reveal (drift)","wipe_left (0.3s)"
"IMG_20251029_200932","scene_002","body","8s - 15s","7s","ĐÀI PHUN NƯỚC ĐỔI MÀU CỰC ẢO","Điểm nhấn chính là đài phun nước đổi màu lung linh ngay giữa trung tâm.","Đài phun nước hình nón phát sáng LED màu sắc rực rỡ thu hút ánh nhìn.","neon_glow (top)","Neon Color Pulse (push_in)","slide_up (0.3s)"
"IMG_20251029_200932","scene_003","body","15s - 22s","7s","KHÔNG KHÍ TẬP NẬP SẦM UẤT","Dòng người qua lại đông đúc tạo nên bầu không khí vô cùng náo nhiệt.","Khung cảnh người đi bộ nhộn nhịp xung quanh giao lộ đêm rực rỡ.","framed_card (top)","Urban Flow Energy (pulse)","circle_open (0.4s)"
"IMG_20251029_200932","scene_004","conclusion","22s - 28s","6s","LƯU LẠI ĐỂ CHECK-IN NGAY NHÉ","Nếu có dịp đến đây nhất định bạn phải dừng chân check-in tọa độ cực hot này nhé.","Góc quay bao quát toàn bộ phố đêm và đài phun nước lung linh kết thúc video.","cta_red (top)","Outro Flare Focus (push_out)","fade (0.5s)"
"IMG_20251029_200932","scene_001","hook","3s - 8s","5s","NIGHTLIFE THÀNH PHỐ SIÊU LUNG LINH","Góc quay từ trên cao ngắm toàn cảnh thành phố về đêm cực đỉnh luôn mọi người ơi.","Camera pan nhẹ toàn cảnh trung tâm thương mại Starhill rực rỡ ánh đèn.","hook_bold (top)","Cinematic City Reveal (drift)","wipe_left (0.3s)"
"IMG_20251029_200932","scene_002","body","8s - 15s","7s","ĐÀI PHUN NƯỚC ĐỔI MÀU CỰC ẢO","Điểm nhấn chính là đài phun nước đổi màu lung linh ngay giữa trung tâm.","Đài phun nước hình nón phát sáng LED màu sắc rực rỡ thu hút ánh nhìn.","neon_glow (top)","Neon Color Pulse (push_in)","slide_up (0.3s)"
"IMG_20251029_200932","scene_003","body","15s - 22s","7s","KHÔNG KHÍ TẬP NẬP SẦM UẤT","Dòng người qua lại đông đúc tạo nên bầu không khí vô cùng náo nhiệt.","Khung cảnh người đi bộ nhộn nhịp xung quanh giao lộ đêm rực rỡ.","framed_card (top)","Urban Flow Energy (pulse)","circle_open (0.4s)"
"IMG_20251029_200932","scene_004","conclusion","22s - 28s","6s","LƯU LẠI ĐỂ CHECK-IN NGAY NHÉ","Nếu có dịp đến đây nhất định bạn phải dừng chân check-in tọa độ cực hot này nhé.","Góc quay bao quát toàn bộ phố đêm và đài phun nước lung linh kết thúc video.","cta_red (top)","Outro Flare Focus (push_out)","fade (0.5s)"
"IMG_20251029_200932","scene_001","hook","3s - 8s","5s","NIGHTLIFE THÀNH PHỐ SIÊU LUNG LINH","Góc quay từ trên cao ngắm toàn cảnh thành phố về đêm cực đỉnh luôn mọi người ơi.","Camera pan nhẹ toàn cảnh trung tâm thương mại Starhill rực rỡ ánh đèn.","hook_bold (top)","Cinematic City Reveal (drift)","wipe_left (0.3s)"
"IMG_20251029_200932","scene_002","body","8s - 15s","7s","ĐÀI PHUN NƯỚC ĐỔI MÀU CỰC ẢO","Điểm nhấn chính là đài phun nước đổi màu lung linh ngay giữa trung tâm.","Đài phun nước hình nón phát sáng LED màu sắc rực rỡ thu hút ánh nhìn.","neon_glow (top)","Neon Color Pulse (push_in)","slide_up (0.3s)"
"IMG_20251029_200932","scene_003","body","15s - 22s","7s","KHÔNG KHÍ TẬP NẬP SẦM UẤT","Dòng người qua lại đông đúc tạo nên bầu không khí vô cùng náo nhiệt.","Khung cảnh người đi bộ nhộn nhịp xung quanh giao lộ đêm rực rỡ.","framed_card (top)","Urban Flow Energy (pulse)","circle_open (0.4s)"
"IMG_20251029_200932","scene_004","conclusion","22s - 28s","6s","LƯU LẠI ĐỂ CHECK-IN NGAY NHÉ","Nếu có dịp đến đây nhất định bạn phải dừng chân check-in tọa độ cực hot này nhé.","Góc quay bao quát toàn bộ phố đêm và đài phun nước lung linh kết thúc video.","cta_red (top)","Outro Flare Focus (push_out)","fade (0.5s)"
"IMG_20251029_200932","scene_001","hook","0s - 4s","4s","KUALA LUMPUR VỀ ĐÊM SỐNG ĐỘNG THẾ NÀO?","Kuala Lumpur về đêm thực sự rực rỡ và tràn đầy năng lượng!","Góc quay từ trên cao nhìn xuống đài phun nước LED đổi màu rực rỡ và dòng người tấp nập","hook_bold (top)","City_Glow_Impact (push_in)","wipe_left (0.3s)"
"IMG_20251029_200932","scene_002","body","4s - 14s","10s","KHU BUKIT BINTANG SẦM UẤT BẤT TẬN","Dòng người qua lại đông đúc hòa cùng ánh đèn trung tâm thương mại tạo nên khung cảnh tuyệt đẹp.","Cảnh toàn di chuyển nhẹ quét qua Starhill và lối đi bộ tràn ngập du khách","gold_caption (top)","Urban_Pulse (drift)","circle_open (0.4s)"
"IMG_20251029_200932","scene_003","conclusion","14s - 28s","14s","TRẢI NGHIỆM ĐÁNG GIÁ KHI ĐẾN MALAYSIA","Một góc nhìn đắt giá để chiêm ngưỡng trọn vẹn nhịp sống hiện đại của Kuala Lumpur!","Góc quay tĩnh tập trung vào đài phun nước lung linh nổi bật giữa lòng đường đêm","framed_card (top)","Night_Light_Showcase (push_out)","none"
"IMG_20251029_200932","scene_001","hook","0s - 4s","4s","KUALA LUMPUR VỀ ĐÊM SỐNG ĐỘNG THẾ NÀO?","Kuala Lumpur về đêm thực sự rực rỡ và tràn đầy năng lượng!","Góc quay từ trên cao nhìn xuống đài phun nước LED đổi màu rực rỡ và dòng người tấp nập","hook_bold (top)","City_Glow_Impact (push_in)","wipe_left (0.3s)"
"IMG_20251029_200932","scene_002","body","4s - 14s","10s","KHU BUKIT BINTANG SẦM UẤT BẤT TẬN","Dòng người qua lại đông đúc hòa cùng ánh đèn trung tâm thương mại tạo nên khung cảnh tuyệt đẹp.","Cảnh toàn di chuyển nhẹ quét qua Starhill và lối đi bộ tràn ngập du khách","gold_caption (top)","Urban_Pulse (drift)","circle_open (0.4s)"
"IMG_20251029_200932","scene_003","conclusion","14s - 28s","14s","TRẢI NGHIỆM ĐÁNG GIÁ KHI ĐẾN MALAYSIA","Một góc nhìn đắt giá để chiêm ngưỡng trọn vẹn nhịp sống hiện đại của Kuala Lumpur!","Góc quay tĩnh tập trung vào đài phun nước lung linh nổi bật giữa lòng đường đêm","framed_card (top)","Night_Light_Showcase (push_out)","none"
"VID_20260719_175727","scene_000","hook","0s - 3s","3s","","","Cắt mở túi nilon xanh bọc hàng","hook_bold (top)","Fast Cut (static)","none"
"VID_20260719_175727","scene_001","hook","15s - 18s","3s","SẠC ADAPTER MỚI CỰC CHẤT!","Mới tậu được em adapter nguồn xịn đét này mọi người ơi!","Rút adapter đen bóng ra khỏi hộp giấy trắng","hook_bold (top)","Reveal Impact (snap)","wipe_left (0.3s)"
"VID_20260719_175727","scene_002","body","26.5s - 28.5s","2s","THÔNG SỐ CHUẨN ĐÉT","Thông số in cực kỳ rõ ràng, chuẩn công suất nhé.","Lật mặt sau cho thấy nhãn thông số kĩ thuật AC/DC Adapter","framed_card (top)","Detail Focus (push_in)","slide_up (0.3s)"
"VID_20260719_175727","scene_003","body","36s - 41s","5s","ĐÈN BÁO NGUỒN TIỆN LỢI","Cắm điện cái là đèn LED xanh sáng lên liền, cực dễ nhận biết!","Thao tác cắm dây nguồn và đèn LED xanh dương phát sáng","neon_glow (top)","LED Power Test (overshoot)","circle_open (0.4s)"
"VID_20260719_175727","scene_004","conclusion","41s - 44.5s","3.5s","ĐÁNG TIỀN TRONG TẦM GIÁ!","Hoạt động ổn định mượt mà, rất đáng để trải nghiệm.","Đặt củ sạc ngay ngắn trên mặt bàn với đèn LED đang sáng","gold_caption (top)","Showcase Final (drift)","none"
"VID_20260719_175727","scene_001","hook","15s - 18s","3s","SẠC ADAPTER MỚI CỰC CHẤT!","Mới tậu được em adapter nguồn xịn đét này mọi người ơi!","Rút adapter đen bóng ra khỏi hộp giấy trắng","hook_bold (top)","Reveal Impact (snap)","wipe_left (0.3s)"
"VID_20260719_175727","scene_002","body","26.5s - 28.5s","2s","THÔNG SỐ CHUẨN ĐÉT","Thông số in cực kỳ rõ ràng, chuẩn công suất nhé.","Lật mặt sau cho thấy nhãn thông số kĩ thuật AC/DC Adapter","framed_card (top)","Detail Focus (push_in)","slide_up (0.3s)"
"VID_20260719_175727","scene_003","body","36s - 41s","5s","ĐÈN BÁO NGUỒN TIỆN LỢI","Cắm điện cái là đèn LED xanh sáng lên liền, cực dễ nhận biết!","Thao tác cắm dây nguồn và đèn LED xanh dương phát sáng","neon_glow (top)","LED Power Test (overshoot)","circle_open (0.4s)"
"VID_20260719_175727","scene_004","conclusion","41s - 44.5s","3.5s","ĐÁNG TIỀN TRONG TẦM GIÁ!","Hoạt động ổn định mượt mà, rất đáng để trải nghiệm.","Đặt củ sạc ngay ngắn trên mặt bàn với đèn LED đang sáng","gold_caption (top)","Showcase Final (drift)","none"
"IMG_20251029_200932","scene_001","hook","0s - 4s","4s","KUALA LUMPUR VỀ ĐÊM SỐNG ĐỘNG THẾ NÀO?","Kuala Lumpur về đêm thực sự rực rỡ và tràn đầy năng lượng!","Góc quay từ trên cao nhìn xuống đài phun nước LED đổi màu rực rỡ và dòng người tấp nập","hook_bold (top)","City_Glow_Impact (push_in)","wipe_left (0.3s)"
"IMG_20251029_200932","scene_002","body","4s - 14s","10s","KHU BUKIT BINTANG SẦM UẤT BẤT TẬN","Dòng người qua lại đông đúc hòa cùng ánh đèn trung tâm thương mại tạo nên khung cảnh tuyệt đẹp.","Cảnh toàn di chuyển nhẹ quét qua Starhill và lối đi bộ tràn ngập du khách","gold_caption (top)","Urban_Pulse (drift)","circle_open (0.4s)"
"IMG_20251029_200932","scene_003","conclusion","14s - 28s","14s","TRẢI NGHIỆM ĐÁNG GIÁ KHI ĐẾN MALAYSIA","Một góc nhìn đắt giá để chiêm ngưỡng trọn vẹn nhịp sống hiện đại của Kuala Lumpur!","Góc quay tĩnh tập trung vào đài phun nước lung linh nổi bật giữa lòng đường đêm","framed_card (top)","Night_Light_Showcase (push_out)","none"
"IMG_20251029_200932","scene_001","hook","0s - 4s","4s","KUALA LUMPUR VỀ ĐÊM SỐNG ĐỘNG THẾ NÀO?","Kuala Lumpur về đêm thực sự rực rỡ và tràn đầy năng lượng!","Góc quay từ trên cao nhìn xuống đài phun nước LED đổi màu rực rỡ và dòng người tấp nập","vibrant_sticker_label (top)","City_Glow_Impact (push_in)","wipe_left (0.3s)"
"IMG_20251029_200932","scene_002","body","4s - 14s","10s","KHU BUKIT BINTANG SẦM UẤT BẤT TẬN","Dòng người qua lại đông đúc hòa cùng ánh đèn trung tâm thương mại tạo nên khung cảnh tuyệt đẹp.","Cảnh toàn di chuyển nhẹ quét qua Starhill và lối đi bộ tràn ngập du khách","minimal_glass_card (top)","Urban_Pulse (drift)","circle_open (0.4s)"
"IMG_20251029_200932","scene_003","conclusion","14s - 28s","14s","TRẢI NGHIỆM ĐÁNG GIÁ KHI ĐẾN MALAYSIA","Một góc nhìn đắt giá để chiêm ngưỡng trọn vẹn nhịp sống hiện đại của Kuala Lumpur!","Góc quay tĩnh tập trung vào đài phun nước lung linh nổi bật giữa lòng đường đêm","warning_red_badge (top)","Night_Light_Showcase (push_out)","none"
"IMG_20251029_200932","scene_001","hook","0s - 4s","4s","KUALA LUMPUR VỀ ĐÊM SỐNG ĐỘNG THẾ NÀO?","Kuala Lumpur về đêm thực sự rực rỡ và tràn đầy năng lượng!","Góc quay từ trên cao nhìn xuống đài phun nước LED đổi màu rực rỡ và dòng người tấp nập","vibrant_sticker_label (top)","City_Glow_Impact (push_in)","wipe_left (0.3s)"
"IMG_20251029_200932","scene_002","body","4s - 14s","10s","KHU BUKIT BINTANG SẦM UẤT BẤT TẬN","Dòng người qua lại đông đúc hòa cùng ánh đèn trung tâm thương mại tạo nên khung cảnh tuyệt đẹp.","Cảnh toàn di chuyển nhẹ quét qua Starhill và lối đi bộ tràn ngập du khách","minimal_glass_card (top)","Urban_Pulse (drift)","circle_open (0.4s)"
"IMG_20251029_200932","scene_003","conclusion","14s - 28s","14s","TRẢI NGHIỆM ĐÁNG GIÁ KHI ĐẾN MALAYSIA","Một góc nhìn đắt giá để chiêm ngưỡng trọn vẹn nhịp sống hiện đại của Kuala Lumpur!","Góc quay tĩnh tập trung vào đài phun nước lung linh nổi bật giữa lòng đường đêm","warning_red_badge (top)","Night_Light_Showcase (push_out)","none"
"IMG_20251029_200932","scene_001","hook","0s - 5s","5s","KUALA LUMPUR VỀ ĐÊM
SỐNG ĐỘNG THẾ NÀO?","Bạn đã bao giờ ngắm Kuala Lumpur từ trên cao về đêm chưa?","Góc quay từ trên cao nhìn xuống đài phun nước đổi màu rực rỡ và tòa nhà Starhill.","hook_bold (top)","viral_fast_intro (drift)","wipe_left (0.3s)"
"IMG_20251029_200932","scene_002","body","5s - 12s","7s","TRUNG TÂM SẦM UẤT
ĐẦY MÀU SẮC","Khu Starhill lung linh ánh đèn cùng màn hình LED hiện đại tỏa sáng khắp không gian.","Cảnh quay chuyển dịch nhẹ nhàng quét qua mặt tiền tòa nhà Starhill rực rỡ.","neon_glow (top)","premium_showcase_city (drift)","slide_up (0.3s)"
"IMG_20251029_200932","scene_003","body","12s - 20s","8s","ĐIỂM CHECK-IN
KHÔNG THỂ BỎ QUA","Đài phun nước nhiều màu thu hút hàng trăm du khách dạo bước mỗi tối.","Tập trung vào đài phun nước phát sáng chuyển màu liên tục giữa ngã tư.","framed_card (top)","dramatic_focus_fountain (push_in)","circle_open (0.4s)"
"IMG_20251029_200932","scene_004","conclusion","20s - 28s","8s","LƯU NGAY CHO
CHUYẾN ĐI SẮP TỚI!","Một trải nghiệm tuyệt vời khi đến thăm Malaysia mà bạn nhất định phải thử!","Cảnh quay mở rộng toàn cảnh dòng người qua lại nhộn nhịp kết thúc video.","gold_caption (top)","cinematic_outro (push_out)","fade (0.5s)"
"IMG_20251029_200932","scene_001","hook","0s - 5s","5s","KUALA LUMPUR VỀ ĐÊM
SỐNG ĐỘNG THẾ NÀO?","Bạn đã bao giờ ngắm Kuala Lumpur từ trên cao về đêm chưa?","Góc quay từ trên cao nhìn xuống đài phun nước đổi màu rực rỡ và tòa nhà Starhill.","hook_bold (top)","viral_fast_intro (drift)","wipe_left (0.3s)"
"IMG_20251029_200932","scene_002","body","5s - 12s","7s","TRUNG TÂM SẦM UẤT
ĐẦY MÀU SẮC","Khu Starhill lung linh ánh đèn cùng màn hình LED hiện đại tỏa sáng khắp không gian.","Cảnh quay chuyển dịch nhẹ nhàng quét qua mặt tiền tòa nhà Starhill rực rỡ.","neon_glow (top)","premium_showcase_city (drift)","slide_up (0.3s)"
"IMG_20251029_200932","scene_003","body","12s - 20s","8s","ĐIỂM CHECK-IN
KHÔNG THỂ BỎ QUA","Đài phun nước nhiều màu thu hút hàng trăm du khách dạo bước mỗi tối.","Tập trung vào đài phun nước phát sáng chuyển màu liên tục giữa ngã tư.","framed_card (top)","dramatic_focus_fountain (push_in)","circle_open (0.4s)"
"IMG_20251029_200932","scene_004","conclusion","20s - 28s","8s","LƯU NGAY CHO
CHUYẾN ĐI SẮP TỚI!","Một trải nghiệm tuyệt vời khi đến thăm Malaysia mà bạn nhất định phải thử!","Cảnh quay mở rộng toàn cảnh dòng người qua lại nhộn nhịp kết thúc video.","gold_caption (top)","cinematic_outro (push_out)","fade (0.5s)"
"IMG_20251029_200932","scene_001","hook","0s - 5s","5s","KUALA LUMPUR VỀ ĐÊM
SỐNG ĐỘNG THẾ NÀO?","Bạn đã bao giờ ngắm Kuala Lumpur từ trên cao về đêm chưa?","Góc quay từ trên cao nhìn xuống đài phun nước đổi màu rực rỡ và tòa nhà Starhill.","hook_bold (top)","viral_fast_intro (drift)","wipe_left (0.3s)"
"IMG_20251029_200932","scene_002","body","5s - 12s","7s","TRUNG TÂM SẦM UẤT
ĐẦY MÀU SẮC","Khu Starhill lung linh ánh đèn cùng màn hình LED hiện đại tỏa sáng khắp không gian.","Cảnh quay chuyển dịch nhẹ nhàng quét qua mặt tiền tòa nhà Starhill rực rỡ.","neon_glow (top)","premium_showcase_city (drift)","slide_up (0.3s)"
"IMG_20251029_200932","scene_003","body","12s - 20s","8s","ĐIỂM CHECK-IN
KHÔNG THỂ BỎ QUA","Đài phun nước nhiều màu thu hút hàng trăm du khách dạo bước mỗi tối.","Tập trung vào đài phun nước phát sáng chuyển màu liên tục giữa ngã tư.","framed_card (top)","dramatic_focus_fountain (push_in)","circle_open (0.4s)"
"IMG_20251029_200932","scene_004","conclusion","20s - 28s","8s","LƯU NGAY CHO
CHUYẾN ĐI SẮP TỚI!","Một trải nghiệm tuyệt vời khi đến thăm Malaysia mà bạn nhất định phải thử!","Cảnh quay mở rộng toàn cảnh dòng người qua lại nhộn nhịp kết thúc video.","gold_caption (top)","cinematic_outro (push_out)","fade (0.5s)"
"IMG_20251029_200932","scene_001","hook","0s - 5s","5s","KUALA LUMPUR VỀ ĐÊM
SỐNG ĐỘNG THẾ NÀO?","Bạn đã bao giờ ngắm Kuala Lumpur từ trên cao về đêm chưa?","Góc quay từ trên cao nhìn xuống đài phun nước đổi màu rực rỡ và tòa nhà Starhill.","hook_bold (top)","viral_fast_intro (drift)","wipe_left (0.3s)"
"IMG_20251029_200932","scene_002","body","5s - 12s","7s","TRUNG TÂM SẦM UẤT
ĐẦY MÀU SẮC","Khu Starhill lung linh ánh đèn cùng màn hình LED hiện đại tỏa sáng khắp không gian.","Cảnh quay chuyển dịch nhẹ nhàng quét qua mặt tiền tòa nhà Starhill rực rỡ.","neon_glow (top)","premium_showcase_city (drift)","slide_up (0.3s)"
"IMG_20251029_200932","scene_003","body","12s - 20s","8s","ĐIỂM CHECK-IN
KHÔNG THỂ BỎ QUA","Đài phun nước nhiều màu thu hút hàng trăm du khách dạo bước mỗi tối.","Tập trung vào đài phun nước phát sáng chuyển màu liên tục giữa ngã tư.","framed_card (top)","dramatic_focus_fountain (push_in)","circle_open (0.4s)"
"IMG_20251029_200932","scene_004","conclusion","20s - 28s","8s","LƯU NGAY CHO
CHUYẾN ĐI SẮP TỚI!","Một trải nghiệm tuyệt vời khi đến thăm Malaysia mà bạn nhất định phải thử!","Cảnh quay mở rộng toàn cảnh dòng người qua lại nhộn nhịp kết thúc video.","gold_caption (top)","cinematic_outro (push_out)","fade (0.5s)"
"IMG_20251029_200932","scene_001","hook","0s - 5s","5s","KUALA LUMPUR VỀ ĐÊM
SỐNG ĐỘNG THẾ NÀO?","Bạn đã bao giờ ngắm Kuala Lumpur từ trên cao về đêm chưa?","Góc quay từ trên cao nhìn xuống đài phun nước đổi màu rực rỡ và tòa nhà Starhill.","hook_bold (top)","viral_fast_intro (drift)","wipe_left (0.3s)"
"IMG_20251029_200932","scene_002","body","5s - 12s","7s","TRUNG TÂM SẦM UẤT
ĐẦY MÀU SẮC","Khu Starhill lung linh ánh đèn cùng màn hình LED hiện đại tỏa sáng khắp không gian.","Cảnh quay chuyển dịch nhẹ nhàng quét qua mặt tiền tòa nhà Starhill rực rỡ.","neon_glow (top)","premium_showcase_city (drift)","slide_up (0.3s)"
"IMG_20251029_200932","scene_003","body","12s - 20s","8s","ĐIỂM CHECK-IN
KHÔNG THỂ BỎ QUA","Đài phun nước nhiều màu thu hút hàng trăm du khách dạo bước mỗi tối.","Tập trung vào đài phun nước phát sáng chuyển màu liên tục giữa ngã tư.","framed_card (top)","dramatic_focus_fountain (push_in)","circle_open (0.4s)"
"IMG_20251029_200932","scene_004","conclusion","20s - 28s","8s","LƯU NGAY CHO
CHUYẾN ĐI SẮP TỚI!","Một trải nghiệm tuyệt vời khi đến thăm Malaysia mà bạn nhất định phải thử!","Cảnh quay mở rộng toàn cảnh dòng người qua lại nhộn nhịp kết thúc video.","gold_caption (top)","cinematic_outro (push_out)","fade (0.5s)"
"IMG_20251029_200932","scene_001","hook","0s - 5s","5s","KUALA LUMPUR VỀ ĐÊM
SỐNG ĐỘNG THẾ NÀO?","Bạn đã bao giờ ngắm Kuala Lumpur từ trên cao về đêm chưa?","Góc quay từ trên cao nhìn xuống đài phun nước đổi màu rực rỡ và tòa nhà Starhill.","hook_bold (top)","viral_fast_intro (drift)","wipe_left (0.3s)"
"IMG_20251029_200932","scene_002","body","5s - 12s","7s","TRUNG TÂM SẦM UẤT
ĐẦY MÀU SẮC","Khu Starhill lung linh ánh đèn cùng màn hình LED hiện đại tỏa sáng khắp không gian.","Cảnh quay chuyển dịch nhẹ nhàng quét qua mặt tiền tòa nhà Starhill rực rỡ.","neon_glow (top)","premium_showcase_city (drift)","slide_up (0.3s)"
"IMG_20251029_200932","scene_003","body","12s - 20s","8s","ĐIỂM CHECK-IN
KHÔNG THỂ BỎ QUA","Đài phun nước nhiều màu thu hút hàng trăm du khách dạo bước mỗi tối.","Tập trung vào đài phun nước phát sáng chuyển màu liên tục giữa ngã tư.","framed_card (top)","dramatic_focus_fountain (push_in)","circle_open (0.4s)"
"IMG_20251029_200932","scene_004","conclusion","20s - 28s","8s","LƯU NGAY CHO
CHUYẾN ĐI SẮP TỚI!","Một trải nghiệm tuyệt vời khi đến thăm Malaysia mà bạn nhất định phải thử!","Cảnh quay mở rộng toàn cảnh dòng người qua lại nhộn nhịp kết thúc video.","gold_caption (top)","cinematic_outro (push_out)","fade (0.5s)"
"IMG_20251029_200932","scene_001","hook","0s - 5s","5s","KUALA LUMPUR VỀ ĐÊM
SỐNG ĐỘNG THẾ NÀO?","Bạn đã bao giờ ngắm Kuala Lumpur từ trên cao về đêm chưa?","Góc quay từ trên cao nhìn xuống đài phun nước đổi màu rực rỡ và tòa nhà Starhill.","hook_bold (top)","viral_fast_intro (drift)","wipe_left (0.3s)"
"IMG_20251029_200932","scene_002","body","5s - 12s","7s","TRUNG TÂM SẦM UẤT
ĐẦY MÀU SẮC","Khu Starhill lung linh ánh đèn cùng màn hình LED hiện đại tỏa sáng khắp không gian.","Cảnh quay chuyển dịch nhẹ nhàng quét qua mặt tiền tòa nhà Starhill rực rỡ.","neon_glow (top)","premium_showcase_city (drift)","slide_up (0.3s)"
"IMG_20251029_200932","scene_003","body","12s - 20s","8s","ĐIỂM CHECK-IN
KHÔNG THỂ BỎ QUA","Đài phun nước nhiều màu thu hút hàng trăm du khách dạo bước mỗi tối.","Tập trung vào đài phun nước phát sáng chuyển màu liên tục giữa ngã tư.","framed_card (top)","dramatic_focus_fountain (push_in)","circle_open (0.4s)"
"IMG_20251029_200932","scene_004","conclusion","20s - 28s","8s","LƯU NGAY CHO
CHUYẾN ĐI SẮP TỚI!","Một trải nghiệm tuyệt vời khi đến thăm Malaysia mà bạn nhất định phải thử!","Cảnh quay mở rộng toàn cảnh dòng người qua lại nhộn nhịp kết thúc video.","gold_caption (top)","cinematic_outro (push_out)","fade (0.5s)"
"IMG_20251029_200932","scene_001","hook","0s - 5s","5s","KUALA LUMPUR VỀ ĐÊM
SỐNG ĐỘNG THẾ NÀO?","Bạn đã bao giờ ngắm Kuala Lumpur từ trên cao về đêm chưa?","Góc quay từ trên cao nhìn xuống đài phun nước đổi màu rực rỡ và tòa nhà Starhill.","hook_bold (top)","viral_fast_intro (drift)","wipe_left (0.3s)"
"IMG_20251029_200932","scene_002","body","5s - 12s","7s","TRUNG TÂM SẦM UẤT
ĐẦY MÀU SẮC","Khu Starhill lung linh ánh đèn cùng màn hình LED hiện đại tỏa sáng khắp không gian.","Cảnh quay chuyển dịch nhẹ nhàng quét qua mặt tiền tòa nhà Starhill rực rỡ.","neon_glow (top)","premium_showcase_city (drift)","slide_up (0.3s)"
"IMG_20251029_200932","scene_003","body","12s - 20s","8s","ĐIỂM CHECK-IN
KHÔNG THỂ BỎ QUA","Đài phun nước nhiều màu thu hút hàng trăm du khách dạo bước mỗi tối.","Tập trung vào đài phun nước phát sáng chuyển màu liên tục giữa ngã tư.","framed_card (top)","dramatic_focus_fountain (push_in)","circle_open (0.4s)"
"IMG_20251029_200932","scene_004","conclusion","20s - 28s","8s","LƯU NGAY CHO
CHUYẾN ĐI SẮP TỚI!","Một trải nghiệm tuyệt vời khi đến thăm Malaysia mà bạn nhất định phải thử!","Cảnh quay mở rộng toàn cảnh dòng người qua lại nhộn nhịp kết thúc video.","gold_caption (top)","cinematic_outro (push_out)","fade (0.5s)"
"IMG_20251029_200932","scene_001","hook","0s - 5s","5s","KUALA LUMPUR VỀ ĐÊM
SỐNG ĐỘNG THẾ NÀO?","Bạn đã bao giờ ngắm Kuala Lumpur từ trên cao về đêm chưa?","Góc quay từ trên cao nhìn xuống đài phun nước đổi màu rực rỡ và tòa nhà Starhill.","hook_bold (top)","viral_fast_intro (drift)","wipe_left (0.3s)"
"IMG_20251029_200932","scene_002","body","5s - 12s","7s","TRUNG TÂM SẦM UẤT
ĐẦY MÀU SẮC","Khu Starhill lung linh ánh đèn cùng màn hình LED hiện đại tỏa sáng khắp không gian.","Cảnh quay chuyển dịch nhẹ nhàng quét qua mặt tiền tòa nhà Starhill rực rỡ.","neon_glow (top)","premium_showcase_city (drift)","slide_up (0.3s)"
"IMG_20251029_200932","scene_003","body","12s - 20s","8s","ĐIỂM CHECK-IN
KHÔNG THỂ BỎ QUA","Đài phun nước nhiều màu thu hút hàng trăm du khách dạo bước mỗi tối.","Tập trung vào đài phun nước phát sáng chuyển màu liên tục giữa ngã tư.","framed_card (top)","dramatic_focus_fountain (push_in)","circle_open (0.4s)"
"IMG_20251029_200932","scene_004","conclusion","20s - 28s","8s","LƯU NGAY CHO
CHUYẾN ĐI SẮP TỚI!","Một trải nghiệm tuyệt vời khi đến thăm Malaysia mà bạn nhất định phải thử!","Cảnh quay mở rộng toàn cảnh dòng người qua lại nhộn nhịp kết thúc video.","gold_caption (top)","cinematic_outro (push_out)","fade (0.5s)"
"IMG_20251029_200932","scene_001","hook","0s - 5s","5s","KUALA LUMPUR VỀ ĐÊM
SỐNG ĐỘNG THẾ NÀO?","Bạn đã bao giờ ngắm Kuala Lumpur từ trên cao về đêm chưa?","Góc quay từ trên cao nhìn xuống đài phun nước đổi màu rực rỡ và tòa nhà Starhill.","hook_bold (top)","viral_fast_intro (drift)","wipe_left (0.3s)"
"IMG_20251029_200932","scene_002","body","5s - 12s","7s","TRUNG TÂM SẦM UẤT
ĐẦY MÀU SẮC","Khu Starhill lung linh ánh đèn cùng màn hình LED hiện đại tỏa sáng khắp không gian.","Cảnh quay chuyển dịch nhẹ nhàng quét qua mặt tiền tòa nhà Starhill rực rỡ.","neon_glow (top)","premium_showcase_city (drift)","slide_up (0.3s)"
"IMG_20251029_200932","scene_003","body","12s - 20s","8s","ĐIỂM CHECK-IN
KHÔNG THỂ BỎ QUA","Đài phun nước nhiều màu thu hút hàng trăm du khách dạo bước mỗi tối.","Tập trung vào đài phun nước phát sáng chuyển màu liên tục giữa ngã tư.","framed_card (top)","dramatic_focus_fountain (push_in)","circle_open (0.4s)"
"IMG_20251029_200932","scene_004","conclusion","20s - 28s","8s","LƯU NGAY CHO
CHUYẾN ĐI SẮP TỚI!","Một trải nghiệm tuyệt vời khi đến thăm Malaysia mà bạn nhất định phải thử!","Cảnh quay mở rộng toàn cảnh dòng người qua lại nhộn nhịp kết thúc video.","gold_caption (top)","cinematic_outro (push_out)","fade (0.5s)"
"IMG_20251029_200932","scene_001","hook","0s - 5s","5s","KUALA LUMPUR VỀ ĐÊM
SỐNG ĐỘNG THẾ NÀO?","Bạn đã bao giờ ngắm Kuala Lumpur từ trên cao về đêm chưa?","Góc quay từ trên cao nhìn xuống đài phun nước đổi màu rực rỡ và tòa nhà Starhill.","hook_bold (top)","viral_fast_intro (drift)","wipe_left (0.3s)"
"IMG_20251029_200932","scene_002","body","5s - 12s","7s","TRUNG TÂM SẦM UẤT
ĐẦY MÀU SẮC","Khu Starhill lung linh ánh đèn cùng màn hình LED hiện đại tỏa sáng khắp không gian.","Cảnh quay chuyển dịch nhẹ nhàng quét qua mặt tiền tòa nhà Starhill rực rỡ.","neon_glow (top)","premium_showcase_city (drift)","slide_up (0.3s)"
"IMG_20251029_200932","scene_003","body","12s - 20s","8s","ĐIỂM CHECK-IN
KHÔNG THỂ BỎ QUA","Đài phun nước nhiều màu thu hút hàng trăm du khách dạo bước mỗi tối.","Tập trung vào đài phun nước phát sáng chuyển màu liên tục giữa ngã tư.","framed_card (top)","dramatic_focus_fountain (push_in)","circle_open (0.4s)"
"IMG_20251029_200932","scene_004","conclusion","20s - 28s","8s","LƯU NGAY CHO
CHUYẾN ĐI SẮP TỚI!","Một trải nghiệm tuyệt vời khi đến thăm Malaysia mà bạn nhất định phải thử!","Cảnh quay mở rộng toàn cảnh dòng người qua lại nhộn nhịp kết thúc video.","gold_caption (top)","cinematic_outro (push_out)","fade (0.5s)"
"IMG_20251029_200932","scene_001","hook","0s - 5s","5s","KUALA LUMPUR VỀ ĐÊM
SỐNG ĐỘNG THẾ NÀO?","Bạn đã bao giờ ngắm Kuala Lumpur từ trên cao về đêm chưa?","Góc quay từ trên cao nhìn xuống đài phun nước đổi màu rực rỡ và tòa nhà Starhill.","hook_bold (top)","viral_fast_intro (drift)","wipe_left (0.3s)"
"IMG_20251029_200932","scene_002","body","5s - 12s","7s","TRUNG TÂM SẦM UẤT
ĐẦY MÀU SẮC","Khu Starhill lung linh ánh đèn cùng màn hình LED hiện đại tỏa sáng khắp không gian.","Cảnh quay chuyển dịch nhẹ nhàng quét qua mặt tiền tòa nhà Starhill rực rỡ.","neon_glow (top)","premium_showcase_city (drift)","slide_up (0.3s)"
"IMG_20251029_200932","scene_003","body","12s - 20s","8s","ĐIỂM CHECK-IN
KHÔNG THỂ BỎ QUA","Đài phun nước nhiều màu thu hút hàng trăm du khách dạo bước mỗi tối.","Tập trung vào đài phun nước phát sáng chuyển màu liên tục giữa ngã tư.","framed_card (top)","dramatic_focus_fountain (push_in)","circle_open (0.4s)"
"IMG_20251029_200932","scene_004","conclusion","20s - 28s","8s","LƯU NGAY CHO
CHUYẾN ĐI SẮP TỚI!","Một trải nghiệm tuyệt vời khi đến thăm Malaysia mà bạn nhất định phải thử!","Cảnh quay mở rộng toàn cảnh dòng người qua lại nhộn nhịp kết thúc video.","gold_caption (top)","cinematic_outro (push_out)","fade (0.5s)"
"IMG_20251029_200932","scene_001","hook","0s - 5s","5s","KUALA LUMPUR VỀ ĐÊM
SỐNG ĐỘNG THẾ NÀO?","Bạn đã bao giờ ngắm Kuala Lumpur từ trên cao về đêm chưa?","Góc quay từ trên cao nhìn xuống đài phun nước đổi màu rực rỡ và tòa nhà Starhill.","hook_bold (top)","viral_fast_intro (drift)","wipe_left (0.3s)"
"IMG_20251029_200932","scene_002","body","5s - 12s","7s","TRUNG TÂM SẦM UẤT
ĐẦY MÀU SẮC","Khu Starhill lung linh ánh đèn cùng màn hình LED hiện đại tỏa sáng khắp không gian.","Cảnh quay chuyển dịch nhẹ nhàng quét qua mặt tiền tòa nhà Starhill rực rỡ.","neon_glow (top)","premium_showcase_city (drift)","slide_up (0.3s)"
"IMG_20251029_200932","scene_003","body","12s - 20s","8s","ĐIỂM CHECK-IN
KHÔNG THỂ BỎ QUA","Đài phun nước nhiều màu thu hút hàng trăm du khách dạo bước mỗi tối.","Tập trung vào đài phun nước phát sáng chuyển màu liên tục giữa ngã tư.","framed_card (top)","dramatic_focus_fountain (push_in)","circle_open (0.4s)"
"IMG_20251029_200932","scene_004","conclusion","20s - 28s","8s","LƯU NGAY CHO
CHUYẾN ĐI SẮP TỚI!","Một trải nghiệm tuyệt vời khi đến thăm Malaysia mà bạn nhất định phải thử!","Cảnh quay mở rộng toàn cảnh dòng người qua lại nhộn nhịp kết thúc video.","gold_caption (top)","cinematic_outro (push_out)","fade (0.5s)"
"IMG_20251029_200932","scene_001","hook","0s - 5s","5s","KUALA LUMPUR VỀ ĐÊM
SỐNG ĐỘNG THẾ NÀO?","Bạn đã bao giờ ngắm Kuala Lumpur từ trên cao về đêm chưa?","Góc quay từ trên cao nhìn xuống đài phun nước đổi màu rực rỡ và tòa nhà Starhill.","hook_bold (top)","viral_fast_intro (drift)","wipe_left (0.3s)"
"IMG_20251029_200932","scene_002","body","5s - 12s","7s","TRUNG TÂM SẦM UẤT
ĐẦY MÀU SẮC","Khu Starhill lung linh ánh đèn cùng màn hình LED hiện đại tỏa sáng khắp không gian.","Cảnh quay chuyển dịch nhẹ nhàng quét qua mặt tiền tòa nhà Starhill rực rỡ.","neon_glow (top)","premium_showcase_city (drift)","slide_up (0.3s)"
"IMG_20251029_200932","scene_003","body","12s - 20s","8s","ĐIỂM CHECK-IN
KHÔNG THỂ BỎ QUA","Đài phun nước nhiều màu thu hút hàng trăm du khách dạo bước mỗi tối.","Tập trung vào đài phun nước phát sáng chuyển màu liên tục giữa ngã tư.","framed_card (top)","dramatic_focus_fountain (push_in)","circle_open (0.4s)"
"IMG_20251029_200932","scene_004","conclusion","20s - 28s","8s","LƯU NGAY CHO
CHUYẾN ĐI SẮP TỚI!","Một trải nghiệm tuyệt vời khi đến thăm Malaysia mà bạn nhất định phải thử!","Cảnh quay mở rộng toàn cảnh dòng người qua lại nhộn nhịp kết thúc video.","gold_caption (top)","cinematic_outro (push_out)","fade (0.5s)"
"IMG_20251029_200932","scene_001","hook","0s - 5s","5s","KUALA LUMPUR VỀ ĐÊM
SỐNG ĐỘNG THẾ NÀO?","Bạn đã bao giờ ngắm Kuala Lumpur từ trên cao về đêm chưa?","Góc quay từ trên cao nhìn xuống đài phun nước đổi màu rực rỡ và tòa nhà Starhill.","hook_bold (top)","viral_fast_intro (drift)","wipe_left (0.3s)"
"IMG_20251029_200932","scene_002","body","5s - 12s","7s","TRUNG TÂM SẦM UẤT
ĐẦY MÀU SẮC","Khu Starhill lung linh ánh đèn cùng màn hình LED hiện đại tỏa sáng khắp không gian.","Cảnh quay chuyển dịch nhẹ nhàng quét qua mặt tiền tòa nhà Starhill rực rỡ.","neon_glow (top)","premium_showcase_city (drift)","slide_up (0.3s)"
"IMG_20251029_200932","scene_003","body","12s - 20s","8s","ĐIỂM CHECK-IN
KHÔNG THỂ BỎ QUA","Đài phun nước nhiều màu thu hút hàng trăm du khách dạo bước mỗi tối.","Tập trung vào đài phun nước phát sáng chuyển màu liên tục giữa ngã tư.","framed_card (top)","dramatic_focus_fountain (push_in)","circle_open (0.4s)"
"IMG_20251029_200932","scene_004","conclusion","20s - 28s","8s","LƯU NGAY CHO
CHUYẾN ĐI SẮP TỚI!","Một trải nghiệm tuyệt vời khi đến thăm Malaysia mà bạn nhất định phải thử!","Cảnh quay mở rộng toàn cảnh dòng người qua lại nhộn nhịp kết thúc video.","gold_caption (top)","cinematic_outro (push_out)","fade (0.5s)"
"IMG_20251029_200932","scene_001","hook","0s - 5s","5s","KUALA LUMPUR VỀ ĐÊM
SỐNG ĐỘNG THẾ NÀO?","Bạn đã bao giờ ngắm Kuala Lumpur từ trên cao về đêm chưa?","Góc quay từ trên cao nhìn xuống đài phun nước đổi màu rực rỡ và tòa nhà Starhill.","hook_bold (top)","viral_fast_intro (drift)","wipe_left (0.3s)"
"IMG_20251029_200932","scene_002","body","5s - 12s","7s","TRUNG TÂM SẦM UẤT
ĐẦY MÀU SẮC","Khu Starhill lung linh ánh đèn cùng màn hình LED hiện đại tỏa sáng khắp không gian.","Cảnh quay chuyển dịch nhẹ nhàng quét qua mặt tiền tòa nhà Starhill rực rỡ.","neon_glow (top)","premium_showcase_city (drift)","slide_up (0.3s)"
"IMG_20251029_200932","scene_003","body","12s - 20s","8s","ĐIỂM CHECK-IN
KHÔNG THỂ BỎ QUA","Đài phun nước nhiều màu thu hút hàng trăm du khách dạo bước mỗi tối.","Tập trung vào đài phun nước phát sáng chuyển màu liên tục giữa ngã tư.","framed_card (top)","dramatic_focus_fountain (push_in)","circle_open (0.4s)"
"IMG_20251029_200932","scene_004","conclusion","20s - 28s","8s","LƯU NGAY CHO
CHUYẾN ĐI SẮP TỚI!","Một trải nghiệm tuyệt vời khi đến thăm Malaysia mà bạn nhất định phải thử!","Cảnh quay mở rộng toàn cảnh dòng người qua lại nhộn nhịp kết thúc video.","gold_caption (top)","cinematic_outro (push_out)","fade (0.5s)"
"IMG_20251029_200932","scene_001","hook","0s - 5s","5s","KUALA LUMPUR VỀ ĐÊM
SỐNG ĐỘNG THẾ NÀO?","Bạn đã bao giờ ngắm Kuala Lumpur từ trên cao về đêm chưa?","Góc quay từ trên cao nhìn xuống đài phun nước đổi màu rực rỡ và tòa nhà Starhill.","hook_bold (top)","viral_fast_intro (drift)","wipe_left (0.3s)"
"IMG_20251029_200932","scene_002","body","5s - 12s","7s","TRUNG TÂM SẦM UẤT
ĐẦY MÀU SẮC","Khu Starhill lung linh ánh đèn cùng màn hình LED hiện đại tỏa sáng khắp không gian.","Cảnh quay chuyển dịch nhẹ nhàng quét qua mặt tiền tòa nhà Starhill rực rỡ.","neon_glow (top)","premium_showcase_city (drift)","slide_up (0.3s)"
"IMG_20251029_200932","scene_003","body","12s - 20s","8s","ĐIỂM CHECK-IN
KHÔNG THỂ BỎ QUA","Đài phun nước nhiều màu thu hút hàng trăm du khách dạo bước mỗi tối.","Tập trung vào đài phun nước phát sáng chuyển màu liên tục giữa ngã tư.","framed_card (top)","dramatic_focus_fountain (push_in)","circle_open (0.4s)"
"IMG_20251029_200932","scene_004","conclusion","20s - 28s","8s","LƯU NGAY CHO
CHUYẾN ĐI SẮP TỚI!","Một trải nghiệm tuyệt vời khi đến thăm Malaysia mà bạn nhất định phải thử!","Cảnh quay mở rộng toàn cảnh dòng người qua lại nhộn nhịp kết thúc video.","gold_caption (top)","cinematic_outro (push_out)","fade (0.5s)"
"IMG_20251029_200932","scene_001","hook","0s - 5s","5s","KUALA LUMPUR VỀ ĐÊM
SỐNG ĐỘNG THẾ NÀO?","Bạn đã bao giờ ngắm Kuala Lumpur từ trên cao về đêm chưa?","Góc quay từ trên cao nhìn xuống đài phun nước đổi màu rực rỡ và tòa nhà Starhill.","hook_bold (top)","viral_fast_intro (drift)","wipe_left (0.3s)"
"IMG_20251029_200932","scene_002","body","5s - 12s","7s","TRUNG TÂM SẦM UẤT
ĐẦY MÀU SẮC","Khu Starhill lung linh ánh đèn cùng màn hình LED hiện đại tỏa sáng khắp không gian.","Cảnh quay chuyển dịch nhẹ nhàng quét qua mặt tiền tòa nhà Starhill rực rỡ.","neon_glow (top)","premium_showcase_city (drift)","slide_up (0.3s)"
"IMG_20251029_200932","scene_003","body","12s - 20s","8s","ĐIỂM CHECK-IN
KHÔNG THỂ BỎ QUA","Đài phun nước nhiều màu thu hút hàng trăm du khách dạo bước mỗi tối.","Tập trung vào đài phun nước phát sáng chuyển màu liên tục giữa ngã tư.","framed_card (top)","dramatic_focus_fountain (push_in)","circle_open (0.4s)"
"IMG_20251029_200932","scene_004","conclusion","20s - 28s","8s","LƯU NGAY CHO
CHUYẾN ĐI SẮP TỚI!","Một trải nghiệm tuyệt vời khi đến thăm Malaysia mà bạn nhất định phải thử!","Cảnh quay mở rộng toàn cảnh dòng người qua lại nhộn nhịp kết thúc video.","gold_caption (top)","cinematic_outro (push_out)","fade (0.5s)"
